Kepler-102,5,0.7,1,26.572,0.153,4909.4,60,4.622,0.1,0.109,0.04,11.492,0.1,9.247844791,0.018765993
Kepler-78,1,2,1,12.588,0.03,5064.8,60,4.691,0.1,0.004,0.04,11.551,0.1,8.011261176,0.02116239
Kepler-1446,1,3.8,1,19.4287154,0.093270475,4847.6,60,4.638,0.1,0.135,0.04,12.411,0.1,6.546936763,0.028919003
Kepler-378,2,3.4,1,38.637,0.75,4695.5,60,4.518,0.1,0.028,0.04,12.485,0.1,6.545958758,0.018377238
Kepler-411,4,3.8,1,10.44,0.002,4961.1,60,4.687,0.1,0.213,0.04,12.231,0.1,6.478311918,0.019060641
Kepler-538,1,0,1,16.06164894,3.393099313,5497.9,60,4.488,0.1,-0.08,0.04,11.195,0.1,6.383305928,0.028798115
KIC 6432245,0,217,22,16.629,0.274,5026,222,4.32,0.38,-0.29,0.19,13.828,0.1,6.248620984,0.016286119
Kepler-220,4,3.1,1,30.786,0.021,4665.4,60,4.576,0.1,-0.012,0.04,13.177,0.1,5.815374174,0.021527054
Kepler-1313,1,6.8,1,6.138,0.001,5415.7,60,4.703,0.1,0.119,0.04,11.799,0.1,5.710595647,0.023346468
2MASS J19151823+4452491,0,229,26,51.87,3.44,4764,114,3.64,0.63,-0.06,0.18,13.449,0.1,5.40614356,0.017588393
Kepler-10,2,0,1,48.55730332,6.284670525,5599.2,60,4.277,0.1,-0.114,0.04,10.961,0.1,5.361845677,0.023300853
Kepler-367,2,3.2,1,17.068,0.014,4858.9,60,4.701,0.1,0.108,0.04,12.879,0.1,5.289596589,0.024057379
Kepler-94,2,1.3,1,50.11,6.67,4728.2,60,4.378,0.1,0.322,0.04,12.895,0.1,5.182100325,0.022041748
Kepler-63,1,4.8,1,5.407,0.001,5672.9,60,4.678,0.1,0.246,0.04,11.582,0.1,5.12497143,0.025156651
Kepler-22,1,0,1,25.2153637,0.335051794,5527.7,60,4.513,0.1,-0.202,0.04,11.664,0.1,5.108831366,0.024164031
Kepler-99,1,0.9,1,31.45500786,0.343984605,4852.3,60,4.551,0.1,0.233,0.04,12.97,0.1,4.770390706,0.023692016
TYC 3554-514-1,0,139,24,1.66903,nan,5825,77,4.25,0.12,0.12,0.13,10.245,0.1,4.754681771,0.024669439
Kepler-1,1,1.3,1,24.84872928,14.6184546,5818.7,60,4.4,0.1,0.012,0.04,11.338,0.1,4.615427436,0.022357678
Kepler-954,1,4.3,1,10.821,0.003,5030.1,60,4.725,0.1,0.202,0.04,12.971,0.1,4.60484805,0.02432548
Kepler-942,1,2.9,1,14.39907614,1.91462473,4767.6,60,4.484,0.1,0.076,0.04,13.054,0.1,4.5931203,0.013804252
Kepler-396,2,3.6,1,13.272,0.014,5655.9,60,4.566,0.1,0.184,0.04,11.921,0.1,4.440644078,0.035627924
Kepler-126,3,8.7,1,7.333816952,0.116003927,6270,60,4.297,0.1,-0.164,0.04,10.5,0.1,4.183632259,0.029200821
Kepler-519,1,2.6,1,17.825,0.023,5347.3,60,4.657,0.1,0.176,0.04,12.63,0.1,4.026242252,0.02358716
Kepler-1130,1,0.3,1,27.22163749,0.16601958,5401.9,60,4.54,0.1,0.182,0.04,12.404,0.1,3.981890435,0.028564965
Kepler-50,2,10,1,7.855914474,0.067628686,6162.2,60,4.138,0.1,-0.089,0.04,10.421,0.1,3.96961053,0.029542157
Kepler-352,2,3,1,15.983,0.02,5223.9,60,4.707,0.1,-0.112,0.04,12.957,0.1,3.927956815,0.021610025
Kepler-531,1,0.9,1,35.053,0.221,4934.6,60,4.619,0.1,0.049,0.04,13.34,0.1,3.927355348,0.012719622
Kepler-523,1,4.7,1,7.643,0.006,5528.7,60,4.72,0.1,0.105,0.04,12.465,0.1,3.919235101,0.025104919
Kepler-114,3,3.1,1,34.549,0.12,4661.1,60,4.503,0.1,0.099,0.04,13.738,0.1,3.824242972,0.019278673
Kepler-992,1,2.8,1,25.953,0.023,4913.9,60,4.63,0.1,0.016,0.04,13.389,0.1,3.822612283,0.016074092
Kepler-113,2,2.2,1,26.86277416,3.344919107,4791.3,60,4.479,0.1,0.127,0.04,13.461,0.1,3.782793409,0.016038473
Kepler-381,2,7.2,1,10.24007764,0.197101751,6346.1,60,4.193,0.1,-0.157,0.04,10.421,0.1,3.712047136,0.023578002
Kepler-447,1,6.9,1,6.459,0.003,5620.4,60,4.686,0.1,0.073,0.04,12.394,0.1,3.702055395,0.025358526
Kepler-314,2,2.7,1,26.99453621,0.294907243,5439.6,60,4.449,0.1,0.384,0.04,12.557,0.1,3.690410364,0.024282989
2MASS J18544660+4332242,0,196,27,25.07,3.31,5083,204,4.41,0.34,-0.03,0.16,13.816,0.1,3.647272788,0.016426342
Kepler-132,4,3.5,1,10.54806449,18.8661741,5909.6,60,4.414,0.1,-0.201,0.04,11.818,0.1,3.619691905,0.293658106
Kepler-1349,1,4.2,1,17.39532211,2.518499282,5969.6,60,4.238,0.1,0.2,0.04,11.126,0.1,3.590233653,0.024628504
ROTSE1 J184556.86+471914.4,0,221,10,3.01341,nan,5075,144,3.81,0.48,0.03,0.12,12.511,0.1,3.581872344,0.019277751
Kepler-743,1,0.6,1,20.894,0.094,5509,60,4.59,0.1,0.119,0.04,12.55,0.1,3.555752398,0.026412727
Kepler-1088,1,3.6,1,13.874,0.018,5942.9,60,4.448,0.1,0.011,0.04,11.863,0.1,3.534608519,0.019741867
Kepler-20,6,0,1,27.91622961,0.456316263,5507.6,60,4.469,0.1,0.108,0.04,12.498,0.1,3.510258743,0.021933523
Kepler-1008,1,2.7,1,21.036,0.042,5045.3,60,4.612,0.1,-0.028,0.04,13.395,0.1,3.510135182,0.015888203
Kepler-960,1,2.5,1,18.626,0.013,4773.4,60,4.638,0.1,0.061,0.04,13.884,0.1,3.48098099,0.019560127
Kepler-202,2,1.6,1,16.16205574,1.562881244,4761.9,60,4.58,0.1,-0.207,0.04,13.872,0.1,3.478496648,0.013594924
Kepler-517,1,1.3,1,18.7078947,5.256178095,5562.5,60,4.366,0.1,-0.16,0.04,12.193,0.1,3.420685634,0.024273126
Kepler-858,1,0.7,1,33.08673155,8.988257702,5511.3,60,4.381,0.1,0.016,0.04,12.45,0.1,3.320959602,0.021824242
Kepler-1312,1,7.7,1,5.998,0.001,5755.8,60,4.632,0.1,0.127,0.04,12.43,0.1,3.31466017,0.02537443
Kepler-62,5,0.6,1,29.90297143,10.51108753,4858.8,60,4.593,0.1,-0.343,0.04,13.725,0.1,3.294735846,0.013368358
Kepler-141,2,1.9,1,18.77993711,6.949386129,5019.3,60,4.538,0.1,0.333,0.04,13.448,0.1,3.291354277,0.014263261
KIC 8098181,0,188,19,1.003,nan,5076,186,4.56,0.23,0.07,0.14,12.858,0.1,3.280197199,0.145720194
Kepler-533,1,2.6,1,35.94367504,0.739940056,4790.3,60,4.549,0.1,0.07,0.04,13.933,0.1,3.271943307,0.015568284
Kepler-137,2,0.1,1,20.5119224,8.240030203,5236.9,60,4.495,0.1,0.046,0.04,12.99,0.1,3.271755829,0.019870503
Kepler-100,3,2.7,1,25.77849181,0.712382919,5854.3,60,4.073,0.1,0.102,0.04,11.197,0.1,3.253697582,0.01875313
Kepler-48,4,0.3,1,38.34837241,3.853812385,5234.8,60,4.459,0.1,0.256,0.04,13.04,0.1,3.231323788,0.019139857
Kepler-1039,1,3,1,34.921,6.985,4766.3,60,4.567,0.1,0.134,0.04,14.145,0.1,3.229516722,0.020369992
Kepler-539,2,3,1,11.769,0.016,5815.7,60,4.597,0.1,-0.016,0.04,12.391,0.1,3.225735247,0.037082322
Kepler-211,2,2.8,1,13.845,0.007,5193.4,60,4.63,0.1,0.181,0.04,13.283,0.1,3.203716131,0.018018258
Kepler-909,1,5.3,1,11.78205781,0.144168763,6042.3,60,4.265,0.1,0.17,0.04,11.538,0.1,3.201258097,0.021643461
Kepler-1499,1,3.4,1,14.67908674,0.052741442,5042.1,60,4.619,0.1,0.193,0.04,13.509,0.1,3.198304472,0.016187753
Kepler-1512,1,4.6,1,9.333065014,0.032137704,4807.8,60,4.678,0.1,0.105,0.04,13.393,0.1,3.171827653,0.240472566
Kepler-532,1,2.4,1,15.148,0.022,5120.1,60,4.676,0.1,0.097,0.04,13.524,0.1,3.168166834,0.019671856
Kepler-482,1,2.2,1,23.40403453,11.29958381,4733.5,60,4.413,0.1,-0.273,0.04,13.779,0.1,3.165484658,0.022866169
Kepler-1444,1,4.9,1,12.97842954,6.560945782,5875,60,4.571,0.1,0.215,0.04,12.325,0.1,3.09939698,0.020605503
Kepler-1507,1,2.8,1,11.13182241,0.089925107,5296.8,60,4.56,0.1,0.047,0.04,13.136,0.1,3.091440448,0.014268237
Kepler-884,1,3.1,1,22.986,0.026,5746.9,60,4.386,0.1,-0.088,0.04,13.069,0.1,3.089273343,0.230805556
Kepler-1558,1,3.7,1,12.15541213,0.038665983,5091.9,60,4.645,0.1,0.244,0.04,13.632,0.1,3.041071126,0.014325044
Kepler-973,1,2,1,25.75108105,0.178154074,5180.9,60,4.592,0.1,0.044,0.04,13.218,0.1,3.01592091,0.042804533
Kepler-197,4,0.6,1,21.69931715,2.464343211,5944.9,60,4.32,0.1,-0.401,0.04,11.811,0.1,2.996280539,0.021143379
Kepler-509,1,2.4,1,19.22051589,1.66341356,5951.6,60,4.283,0.1,-0.025,0.04,11.854,0.1,2.979634739,0.033578965
KIC 6390424,0,194,25,6.882,0.014,5704,118,4.31,0.15,-0.02,0.19,13.259,0.1,2.967231099,0.012723609
Kepler-134,2,2,1,15.72,1.388,5917.6,60,4.491,0.1,-0.167,0.04,12.324,0.1,2.958124722,0.021136919
Kepler-1544,1,2.9,1,26.38874284,0.154263157,4852.2,60,4.606,0.1,0.01,0.04,14.061,0.1,2.955397234,0.014657179
Kepler-518,1,1.5,1,16.77909258,0.151058631,5801.6,60,4.556,0.1,-0.14,0.04,12.549,0.1,2.930796136,0.025191922
Kepler-971,1,7.1,1,6.248,0.001,5516.9,60,4.665,0.1,0.166,0.04,13.237,0.1,2.926819907,0.057443366
Kepler-407,2,0.6,1,26.34302,6.795184096,5555.6,60,4.253,0.1,0.411,0.04,12.521,0.1,2.926617117,0.021783974
Kepler-808,1,2.4,1,38.284,4.447,4758.6,60,4.521,0.1,0.034,0.04,14.285,0.1,2.913548317,0.126134677
Kepler-86,1,2,1,23.7749494,0.230421895,5676.2,60,4.449,0.1,-0.026,0.04,12.62,0.1,2.879622444,0.030163405
Kepler-332,3,1.3,1,23.637,0.107,4955.1,60,4.66,0.1,-0.131,0.04,14.017,0.1,2.876496356,0.015147169
Kepler-1066,1,6,1,7.043,0.008,5557.7,60,4.67,0.1,0.096,0.04,13.007,0.1,2.876127618,0.021083028
Kepler-421,1,1.4,1,36.22309765,6.612968531,5223.5,60,4.568,0.1,-0.226,0.04,13.354,0.1,2.840111758,0.016555979
Kepler-127,3,6.6,1,10.20251535,0.096390612,6124.8,60,4.217,0.1,0.24,0.04,11.485,0.1,2.805769722,0.021303798
Kepler-806,1,0.3,1,14.71537256,3.632746124,5737.1,60,4.134,0.1,-0.253,0.04,11.731,0.1,2.734528258,0.021986299
Kepler-1087,1,1.6,1,33.05862014,4.792235249,5476.3,60,4.391,0.1,0.402,0.04,12.953,0.1,2.729111028,0.026231924
Kepler-406,2,0.3,1,18.37223447,1.016866423,5656.5,60,4.318,0.1,0.28,0.04,12.52,0.1,2.71840566,0.025243157
Kepler-1339,1,3.2,1,23.89735782,4.68479984,5874.4,60,4.382,0.1,-0.084,0.04,12.299,0.1,2.667942113,0.057274484
Kepler-1173,1,1.9,1,39.59,6.37,5076.1,60,4.53,0.1,0.166,0.04,13.829,0.1,2.623275271,0.016738625
Kepler-466,2,2.9,1,15.7279654,0.509959359,5805,60,4.339,0.1,-0.029,0.04,12.772,0.1,2.606904113,0.202670471
Kepler-484,1,0.8,1,15.757,0.011,5651.5,60,4.581,0.1,0.064,0.04,13.024,0.1,2.58808148,0.019023337
Kepler-1525,1,2.4,1,23.36737453,6.489000322,5605.3,60,4.268,0.1,0.246,0.04,12.737,0.1,2.582300562,0.020889058
Kepler-321,2,2.9,1,21.38878954,0.227471866,5740.9,60,4.393,0.1,0.116,0.04,12.706,0.1,2.571827886,0.022551127
Kepler-174,3,2.1,1,24.95209722,3.006857893,4693,60,4.532,0.1,-0.564,0.04,14.287,0.1,2.570238699,0.017996033
Kepler-144,2,6.8,1,8.210000116,0.120728533,6182.4,60,4.326,0.1,-0.134,0.04,11.992,0.1,2.569247512,0.021678121
Kepler-221,4,4.5,1,9.399,0.004,5260.3,60,4.677,0.1,0.043,0.04,13.749,0.1,2.567082453,0.018948549
Kepler-1361,1,1.5,1,37.089,0.72,5036.8,60,4.52,0.1,0.083,0.04,13.93,0.1,2.540862041,0.013731261
Kepler-1055,1,3.9,1,11.823,0.006,5681.5,60,4.624,0.1,0.058,0.04,13.09,0.1,2.539232435,0.016022117
Kepler-540,1,0.5,1,51.39800651,22.08649628,5842.4,60,4.352,0.1,-0.183,0.04,12.209,0.1,2.533056838,0.025742308
Kepler-969,2,2.9,1,18.125,0.006,5243.3,60,4.632,0.1,0.151,0.04,13.733,0.1,2.532942582,0.016750573
Kepler-139,2,1.4,1,19.68477729,7.197231452,5630.5,60,4.284,0.1,0.349,0.04,12.701,0.1,2.528742817,0.027215528
Kepler-507,1,2.3,1,12.47727099,0.258017892,6030.1,60,4.235,0.1,0.141,0.04,11.994,0.1,2.524622889,0.020835467
Kepler-1141,1,3.3,1,22.18402266,0.328053694,5836.9,60,4.27,0.1,0.103,0.04,12.589,0.1,2.511736763,0.024171448
Kepler-652,1,0.6,1,27.70113436,0.239087262,5392.8,60,4.583,0.1,0.139,0.04,13.393,0.1,2.505643777,0.013659527
Kepler-463,1,0,1,19.71897053,3.587303406,5566.6,60,4.376,0.1,-0.353,0.04,12.87,0.1,2.504250976,0.022284701
Kepler-128,2,6.1,1,20.70437529,2.023823107,6081.2,60,4.091,0.1,-0.032,0.04,11.39,0.1,2.494212437,0.024696597
Kepler-775,1,0.7,1,27.84160228,5.173297629,5354.2,60,4.51,0.1,-0.038,0.04,13.507,0.1,2.479418655,0.013311515
Kepler-755,2,2.1,1,30.69143722,0.264226057,5066.8,60,4.576,0.1,0.084,0.04,13.999,0.1,2.477253139,0.016655594
Kepler-1542,4,1.1,1,19.23444019,4.610165213,5544.8,60,4.263,0.1,0.071,0.04,12.639,0.1,2.476914239,0.024410978
Kepler-910,1,10.1,1,7.087,0.021,6229.5,60,4.162,0.1,0.139,0.04,11.6,0.1,2.469842788,0.030315618
Kepler-322,2,2.5,1,18.991,0.012,5413.8,60,4.646,0.1,0.125,0.04,13.53,0.1,2.468167453,0.016217887
Kepler-104,3,0,1,18.03147417,8.322341619,5760.4,60,4.365,0.1,-0.422,0.04,12.596,0.1,2.466565391,0.027398365
Kepler-97,2,0,1,21.81447313,6.084759365,5772.9,60,4.454,0.1,-0.155,0.04,12.872,0.1,2.465629755,0.021744556
Kepler-1583,1,1.9,1,16.00242214,3.601250542,5471.2,60,4.253,0.1,-0.009,0.04,12.897,0.1,2.446846274,0.017663522
Kepler-271,3,0.6,1,21.63264473,2.81347411,5469.8,60,4.521,0.1,-0.174,0.04,13.404,0.1,2.44325871,0.023119462
Kepler-1027,1,3.5,1,20.582,0.013,5403.8,60,4.618,0.1,0.05,0.04,12.852,0.1,2.440050223,0.029735191
Kepler-129,2,2.9,1,29.86639933,4.862979359,5808.5,60,4.016,0.1,0.256,0.04,11.696,0.1,2.417322918,0.025846894
Kepler-1012,1,2.7,1,21.80534886,0.159467701,5500.2,60,4.527,0.1,0.231,0.04,13.317,0.1,2.403751106,0.013716946
Kepler-962,1,3.3,1,12.786,0.013,5450.2,60,4.679,0.1,0.049,0.04,13.576,0.1,2.40134377,0.013481363
Kepler-414,2,1.9,1,18.554,0.048,5566.6,60,4.568,0.1,0.181,0.04,13.338,0.1,2.389828433,0.017426471
Kepler-601,1,0.6,1,16.35265686,3.094479344,5048,60,4.5,0.1,-0.152,0.04,14.005,0.1,2.381780401,0.01394612
Kepler-1222,1,1.5,1,27.91085803,0.433791416,5065.4,60,4.587,0.1,-0.063,0.04,14.1,0.1,2.37960078,0.018516269
Kepler-1179,1,1,1,29.22688059,0.251527201,5132.5,60,4.635,0.1,-0.117,0.04,14.077,0.1,2.379583732,0.01464316
Kepler-1541,1,3.8,1,11.26349603,0.045636993,5210,60,4.565,0.1,-0.066,0.04,13.801,0.1,2.370982855,0.014493213
Kepler-1114,1,1.4,1,23.92409237,9.765475354,5268.8,60,4.549,0.1,-0.134,0.04,13.747,0.1,2.361150042,0.016189912
Kepler-124,3,1.3,1,1.099901407,0.137030655,4959.7,60,4.453,0.1,-0.462,0.04,14.139,0.1,2.351872023,0.017016704
Kepler-1081,1,1.7,1,32.85650385,0.747280202,5272.6,60,4.489,0.1,0.177,0.04,13.746,0.1,2.350896202,0.015601792
Kepler-136,2,9.6,1,7.609950343,0.166356411,6247.8,60,4.272,0.1,0.069,0.04,12.459,0.1,2.347762984,0.024344378
Kepler-888,1,0.4,1,22.37202547,3.277975504,5738.7,60,4.51,0.1,-0.321,0.04,13.046,0.1,2.347543525,0.017914422
Kepler-1285,1,7.4,1,8.759777477,0.079868063,6212.6,60,4.259,0.1,0.192,0.04,11.714,0.1,2.339377882,0.018609268
Kepler-334,3,2.4,1,16.675,0.115,5865.6,60,4.442,0.1,0.014,0.04,12.776,0.1,2.315545333,0.024271594
Kepler-845,1,2.3,1,16.3700849,0.625909499,4773,60,4.597,0.1,-0.114,0.04,14.631,0.1,2.2911,0.017492998
Kepler-18,3,0,1,16.40426249,5.496903596,5441,60,4.417,0.1,0.282,0.04,13.549,0.1,2.280431831,0.016835783
Kepler-190,2,1.7,1,29.985,0.172,5138.4,60,4.639,0.1,0.058,0.04,14.137,0.1,2.278544393,0.01452992
Kepler-161,2,2.4,1,28.56091797,0.205070526,5107.7,60,4.544,0.1,0.239,0.04,14.196,0.1,2.27197322,0.016170639
Kepler-390,2,1.8,1,25.2657512,12.06531459,5127.6,60,4.48,0.1,-0.113,0.04,13.942,0.1,2.268660359,0.019510528
Kepler-28,2,3.8,1,17.951,0.016,4674.4,60,4.588,0.1,0.017,0.04,15.036,0.1,2.252651287,0.024121142
Kepler-537,1,0.7,1,23.77247862,0.16605154,5697,60,4.426,0.1,0.143,0.04,13.1,0.1,2.246926691,0.012260035
Kepler-152,2,1.7,1,16.71978529,1.506274176,5065.2,60,4.608,0.1,-0.117,0.04,14.29,0.1,2.238278943,0.016004122
KIC 9140459,0,264,29,18.521,0.051,5675,123,4.26,0.22,-0.11,0.21,13.512,0.1,2.222844906,0.013734732
Kepler-106,4,0.6,1,22.50717304,3.829505497,5859.7,60,4.361,0.1,-0.088,0.04,12.882,0.1,2.222332077,0.030260231
Kepler-95,1,0.9,1,34.15676529,8.283185049,5653.8,60,4.09,0.1,0.268,0.04,12.346,0.1,2.215420313,0.028536592
Kepler-782,1,1,1,15.05381831,3.281801021,5683.5,60,4.356,0.1,-0.221,0.04,12.783,0.1,2.20944832,0.028544034
Kepler-958,1,2.1,1,18.259,0.03,5418.9,60,4.621,0.1,0.059,0.04,13.766,0.1,2.194473129,0.014157251
Kepler-744,1,1.6,1,20.55612866,4.756667967,5495.4,60,4.512,0.1,-0.143,0.04,13.581,0.1,2.193807484,0.023370175
Kepler-196,2,1.7,1,29.8914331,6.482982902,5146,60,4.547,0.1,0.028,0.04,14.157,0.1,2.186918865,0.015278933
Kepler-646,1,0.5,1,20.21921949,3.158650087,5333.5,60,4.542,0.1,-0.444,0.04,13.766,0.1,2.184560326,0.015470318
Kepler-1388,4,2.4,1,23.907,0.066,5052.1,60,3.523,0.1,-0.498,0.04,16.279,0.1,2.175492042,0.036052209
Kepler-514,1,7,1,8.291,0.185,6155,60,4.301,0.1,0.107,0.04,12.182,0.1,2.167543207,0.023603866
Kepler-450,3,12.9,1,20.796,0.016,6298.1,60,4.217,0.1,0.17,0.04,11.684,0.1,2.164485981,0.024491634
Kepler-530,1,0,1,23.78624375,0.253055617,5600.4,60,4.542,0.1,-0.181,0.04,13.4,0.1,2.155931298,0.014528209
Kepler-105,2,2.9,1,16.846,0.15,5932.8,60,4.402,0.1,-0.087,0.04,12.791,0.1,2.149032903,0.025663267
Kepler-153,2,0.3,1,30.27690023,0.447213722,5178,60,4.743,0.1,-0.265,0.04,14.262,0.1,2.148072265,0.016056317
Kepler-984,1,1.3,1,25.4018586,0.267002768,5601,60,4.492,0.1,0.04,0.04,13.534,0.1,2.144197271,0.014987688
Kepler-536,1,1.6,1,21.401894,8.557946268,5485,60,4.478,0.1,0.028,0.04,13.807,0.1,2.13772141,0.070392089
Kepler-1323,1,4.6,1,18.78811617,1.620934344,6062.8,60,4.297,0.1,0.003,0.04,12.41,0.1,2.119963201,0.022127147
Kepler-932,1,2.4,1,14.89313972,1.565219953,5165.5,60,4.345,0.1,0.072,0.04,14.131,0.1,2.119004423,0.019070079
Kepler-185,2,1.2,1,31.78,0.665,5037,60,4.694,0.1,-0.142,0.04,14.458,0.1,2.113855882,0.021402544
Kepler-512,1,4.4,1,12.103,0.249,6050.9,60,4.359,0.1,0.042,0.04,12.674,0.1,2.110980883,0.021982639
Kepler-997,1,6.6,1,11.72417565,0.103151464,6059,60,4.148,0.1,0.058,0.04,11.894,0.1,2.110165012,0.02560274
Kepler-513,1,1.8,1,20.93830227,12.84805006,5747.5,60,4.326,0.1,-0.112,0.04,12.935,0.1,2.106846495,0.02030412
Kepler-1341,1,2.5,1,44.549,5.433,4683,60,4.423,0.1,0.285,0.04,15.028,0.1,2.067943268,0.021599641
Kepler-89,4,7.4,1,21.86141887,0.68324743,6181.2,60,4.234,0.1,0.07,0.04,12.205,0.1,2.067598563,0.021583481
Kepler-92,3,4,1,17.00241149,0.500936243,5945.7,60,4.058,0.1,0.19,0.04,11.565,0.1,2.063474112,0.023329989
Kepler-1163,1,7.9,1,17.77080872,1.689498965,6207.9,60,4.21,0.1,0.024,0.04,12.168,0.1,2.060487149,0.019712239
Kepler-1315,1,2.4,1,38.16260337,3.761913308,4780.2,60,4.446,0.1,0.24,0.04,14.975,0.1,2.051042947,0.024562436
Kepler-1121,1,8.8,1,7.425,0.128,6212.5,60,4.207,0.1,0.196,0.04,12.071,0.1,2.045771281,0.018878439
Kepler-1040,1,2.2,1,18.792,0.033,5696.5,60,4.475,0.1,0.089,0.04,13.328,0.1,2.045305106,0.013857216
Kepler-215,4,0.6,1,19.48760343,1.454653115,5647.8,60,4.554,0.1,-0.435,0.04,13.58,0.1,2.028813541,0.015354071
Kepler-949,1,2.5,1,23.948,0.037,5129.9,60,4.685,0.1,-0.013,0.04,14.548,0.1,2.028589887,0.022622897
Kepler-431,3,5.2,1,16.16196451,3.088742294,5976.1,60,4.099,0.1,-0.012,0.04,11.973,0.1,2.026578566,0.019793885
Kepler-1197,1,3.9,1,18.057,0.013,4761.7,60,4.574,0.1,0.165,0.04,15.13,0.1,2.025210172,0.027306271
Kepler-326,3,4.7,1,9.646,0.002,5183.7,60,4.669,0.1,0.208,0.04,13.693,0.1,2.023076849,0.044553538
Kepler-4,1,2.8,1,25.31008698,1.827117757,5826.9,60,4.089,0.1,0.177,0.04,12.211,0.1,2.020933161,0.024299396
Kepler-318,2,7,1,7.154,0.003,5872.9,60,4.558,0.1,0.33,0.04,13.297,0.1,2.015548533,0.013350161
Kepler-1036,1,2.3,1,22.065,0.03,5476.1,60,4.553,0.1,0.185,0.04,13.8,0.1,2.014356537,0.015790863
Kepler-1050,2,2.5,1,15,0.043,5845.9,60,4.422,0.1,0.1,0.04,13.127,0.1,2.009927746,0.014376196
Kepler-795,1,2.2,1,35.08836193,6.870739247,5581.7,60,4.334,0.1,-0.02,0.04,13.331,0.1,2.003308705,0.019186337
TYC 3556-3291-1,0,189,29,10.241,nan,7299,51,3.89,0.12,0.07,0.12,10.129,0.1,2.003277309,0.054835943
Kepler-1395,1,5.2,1,11.871,0.075,6069,60,4.311,0.1,0.125,0.04,12.581,0.1,2.000426162,0.028555429
Kepler-1505,1,8,1,21.58553916,8.950447827,5525.4,60,4.505,0.1,-0.287,0.04,12.988,0.1,1.991463677,0.033175493
Kepler-1389,1,2.2,1,31.15363853,0.481637331,4962.4,60,4.655,0.1,-0.113,0.04,14.699,0.1,1.982944675,0.01887624
Kepler-324,2,2.1,1,13.88917064,0.69958323,5232.5,60,4.468,0.1,0.176,0.04,14.122,0.1,1.964867929,0.014417866
Kepler-1560,1,3.5,1,10.42557041,0.040870863,5766.8,60,4.497,0.1,0.241,0.04,13.421,0.1,1.961280553,0.016627982
2MASS J18521482+4103252,0,204,26,19.06,1.42,5295,210,4.13,0.41,-0.01,0.16,14.154,0.1,1.954336168,0.015353783
Kepler-882,1,1.5,1,32.70389231,6.113611441,5319.9,60,4.462,0.1,0.081,0.04,14.083,0.1,1.95296367,0.016047212
Kepler-1209,1,6.6,1,9.394368039,0.215268029,6150.2,60,4.329,0.1,0.003,0.04,12.476,0.1,1.949730604,0.029639553
Kepler-1445,1,3.6,1,22.33216251,0.313767208,6077.9,60,4.287,0.1,-0.101,0.04,12.405,0.1,1.946354025,0.025617385
Kepler-651,1,0.3,1,22.2694728,3.120363602,5349.3,60,4.513,0.1,-0.136,0.04,13.94,0.1,1.934191641,0.013521391
Kepler-112,2,0.8,1,15.62454443,5.612238307,5500.5,60,4.488,0.1,-0.403,0.04,13.771,0.1,1.919758376,0.015927157
Kepler-649,1,0,1,19.6542501,1.89664072,5694.1,60,4.47,0.1,-0.399,0.04,13.437,0.1,1.917680934,0.016787659
Kepler-1253,1,1.8,1,19.3955205,8.75555123,5710.8,60,4.203,0.1,-0.329,0.04,12.464,0.1,1.914867349,0.021351735
Kepler-1371,2,1.5,1,16.72885483,3.151328185,5259.5,60,4.507,0.1,-0.068,0.04,13.851,0.1,1.911788481,0.020502896
Kepler-1228,1,2.1,1,31.88499953,5.703668835,4766.6,60,4.515,0.1,-0.607,0.04,14.859,0.1,1.911381029,0.020258635
Kepler-783,1,1,1,23.78962257,2.615934915,5381.2,60,4.493,0.1,-0.007,0.04,13.916,0.1,1.908871095,0.017509264
Kepler-607,1,1.4,1,22.2752652,4.823942342,5079,60,4.522,0.1,0.115,0.04,14.405,0.1,1.897631855,0.01991237
Kepler-1169,1,4.5,1,12.566,0.161,6028,60,4.271,0.1,0.227,0.04,12.716,0.1,1.883972197,0.018452095
Kepler-107,4,3.1,1,22.3537777,3.178287527,5866.5,60,4.114,0.1,0.323,0.04,12.487,0.1,1.872491336,0.020218511
Kepler-176,4,1.4,1,34.16,0.075,5105.9,60,4.577,0.1,0.131,0.04,14.55,0.1,1.867770447,0.0213837
Kepler-36,2,4.9,1,20.23692452,1.385086067,5979.2,60,4.106,0.1,-0.179,0.04,11.866,0.1,1.865432656,0.021493004
Kepler-1332,1,1,1,25.33495668,0.289602148,5580.9,60,4.566,0.1,-0.009,0.04,13.756,0.1,1.862657215,0.014944967
Kepler-905,1,1.6,1,32.21865254,0.444811652,5434.7,60,4.514,0.1,0.145,0.04,13.984,0.1,1.86055158,0.014273372
Kepler-1104,1,16.4,1,4.192,0.004,6385.8,60,4.26,0.1,0.206,0.04,12.189,0.1,1.856970782,0.044186513
Kepler-1408,1,5.4,1,29.15473892,3.982720674,6017.6,60,4.12,0.1,-0.069,0.04,12.003,0.1,1.840343943,0.021972325
Kepler-922,1,0.3,1,18.65090062,1.20999293,5533.6,60,4.436,0.1,-0.073,0.04,13.757,0.1,1.835674265,0.013308773
Kepler-1515,1,10.7,1,7.157437472,0.172101809,6338.7,60,4.274,0.1,-0.025,0.04,12.04,0.1,1.825551974,0.022264401
Kepler-1235,2,1.1,1,14.52543042,1.168867524,5326.6,60,4.332,0.1,0.083,0.04,13.889,0.1,1.820943276,0.014804075
Kepler-1604,1,1.8,1,17.59345229,5.618357826,4884.2,60,4.549,0.1,0.067,0.04,14.915,0.1,1.819115519,0.021205872
Kepler-1061,1,4.5,1,9.829404036,0.049310158,5994.4,60,4.516,0.1,-0.089,0.04,13.263,0.1,1.81152474,0.014645463
Kepler-1298,1,10.3,1,11.059,0.011,6237.6,60,4.059,0.1,-0.022,0.04,11.392,0.1,1.809055088,0.022626368
Kepler-1458,1,2.3,1,16.36981685,0.104736472,5413.6,60,4.621,0.1,0.054,0.04,14.19,0.1,1.807913603,0.016229372
Kepler-999,1,10.5,1,7.306,0.045,6200.9,60,4.195,0.1,0.04,0.04,12.239,0.1,1.806315377,0.026983422
Kepler-956,1,3.3,1,14.00656941,0.066465952,5918.4,60,4.495,0.1,0.053,0.04,13.345,0.1,1.806220135,0.014234483
Kepler-1605,1,2.8,1,18.72788247,1.222270138,5087,60,3.81,0.1,-0.296,0.04,12.429,0.1,1.802086871,0.02208954
Kepler-986,1,1.8,1,27.37265273,4.371969859,5610.6,60,4.378,0.1,0.251,0.04,13.668,0.1,1.794931422,0.019423627
Kepler-142,3,2.1,1,29.48173211,0.404255536,5759,60,4.314,0.1,0.048,0.04,13.203,0.1,1.793686744,0.013506008
Kepler-1046,1,4.8,1,10.06696593,0.051710286,6004.2,60,4.499,0.1,0.036,0.04,13.286,0.1,1.789544152,0.092411543
Kepler-1586,1,5,1,35.18796646,4.083284168,6130.5,60,4.299,0.1,-0.206,0.04,13.096,0.1,1.780989874,0.014710781
Kepler-465,1,7,1,21.63437607,2.813222485,6207.3,60,4.348,0.1,-0.164,0.04,12.663,0.1,1.779437794,0.022422357
Kepler-605,2,1.3,1,30.92109131,8.094316771,5349.7,60,4.488,0.1,0.055,0.04,14.14,0.1,1.767899903,0.016790792
Kepler-640,1,1.8,1,28.32017667,0.30609914,5599.9,60,4.4,0.1,0.142,0.04,13.721,0.1,1.764021336,0.015340893
Kepler-165,2,1.3,1,17.47036798,5.162851174,5099.7,60,4.742,0.1,-0.248,0.04,14.802,0.1,1.754176579,0.019752832
Kepler-1035,1,2.7,1,33.935,0.079,5737.3,60,4.331,0.1,0.192,0.04,12.987,0.1,1.752964222,0.06186826
Kepler-145,2,6.7,1,23.22953838,3.519989061,6110.2,60,4.039,0.1,0.058,0.04,11.931,0.1,1.735662614,0.025527682
Kepler-1482,1,1.9,1,23.24016738,0.202770513,5427.8,60,4.558,0.1,0.004,0.04,13.747,0.1,1.73382932,0.034628371
Kepler-1005,1,1.6,1,14.22704559,0.356894442,5728.4,60,4.308,0.1,0.021,0.04,13.25,0.1,1.732303507,0.01351127
Kepler-1117,1,2.3,1,15.47389985,0.507472967,5428.6,60,4.479,0.1,0.218,0.04,14.102,0.1,1.730314863,0.01835797
Kepler-853,1,13.8,1,5.269,0.032,6318.2,60,4.255,0.1,0.119,0.04,12.32,0.1,1.729809608,0.021453923
Kepler-477,1,0.9,1,17.09428602,0.747405447,5035.1,60,4.563,0.1,-0.375,0.04,13.536,0.1,1.725242739,0.085863867
Kepler-1199,1,2.3,1,20.49487954,2.116974772,5843.4,60,4.247,0.1,-0.382,0.04,13.037,0.1,1.719779887,0.099669534
Kepler-961,1,2.4,1,15.836,0.006,5560,60,4.637,0.1,0.05,0.04,14.101,0.1,1.712437192,0.017326817
Kepler-828,1,1.3,1,29.88594387,0.275853367,4964.9,60,4.693,0.1,-0.083,0.04,15.055,0.1,1.709447177,0.019495085
Kepler-209,2,0.6,1,27.26060599,3.339390262,5563.9,60,4.482,0.1,0.14,0.04,13.998,0.1,1.704495607,0.016563872
KOI-4374,0,1.3,1,33.37787661,8.844088056,5371.8,60,4.439,0.1,-0.05,0.04,14.108,0.1,1.698905814,0.018629632
KIC 7826323,0,217,24,19.371,0.224,5644,126,4.3,0.2,-0.18,0.16,14.422,0.1,1.687602495,0.01538391
Kepler-965,1,2.9,1,22.53303476,3.132609435,5880.7,60,4.316,0.1,-0.048,0.04,13.35,0.1,1.687100313,0.018151354
Kepler-140,2,4.4,1,13.30371093,0.237191826,6023.6,60,4.318,0.1,-0.028,0.04,12.996,0.1,1.684057603,0.020418452
Kepler-585,1,2.8,1,18.6866617,0.130076655,5542.3,60,4.551,0.1,0.264,0.04,14.034,0.1,1.680051727,0.016047558
Kepler-110,2,3.3,1,36.55500544,4.176433806,5956.1,60,4.273,0.1,-0.099,0.04,12.935,0.1,1.676379966,0.023378672
Kepler-6,1,2.6,1,18.28942297,1.949485415,5659.7,60,4.153,0.1,0.359,0.04,13.303,0.1,1.674652661,0.014482032
Kepler-436,2,3.2,1,16.005,0.004,4734.3,60,4.794,0.1,-0.088,0.04,15.856,0.1,1.67104619,0.043739008
2MASS J19282996+4901246,0,213,19,38.88,1.38,4996,168,3.48,0.43,0.02,0.13,13.862,0.1,1.670194409,0.014856729
Kepler-189,2,1.8,1,35.70707505,11.11878847,5045.3,60,4.576,0.1,-0.036,0.04,14.859,0.1,1.661828406,0.019997496
Kepler-1443,1,11.6,1,4.894843507,2.004855465,6343.9,60,4.484,0.1,-0.068,0.04,12.278,0.1,1.658214984,0.059647217
Kepler-831,1,1.6,1,21.74632967,2.456682052,5687.7,60,4.374,0.1,-0.076,0.04,13.687,0.1,1.656038349,0.015522971
Kepler-191,3,1.8,1,21.246,0.009,5191.1,60,4.688,0.1,0.13,0.04,14.808,0.1,1.653588548,0.022142507
Kepler-206,3,0.7,1,31.14891959,3.746007528,5690.8,60,4.293,0.1,0.056,0.04,13.484,0.1,1.653404246,0.013796305
Kepler-653,2,1.3,1,24.93802407,5.044560008,5612.1,60,4.236,0.1,0.327,0.04,13.387,0.1,1.650004807,0.012676472
Kepler-889,1,3.1,1,18.84028296,0.225343749,5884.8,60,4.09,0.1,0.217,0.04,12.71,0.1,1.642704482,0.021014652
Kepler-242,2,3,1,15.773,0.009,4875.7,60,4.728,0.1,-0.023,0.04,15.376,0.1,1.637732272,0.030673098
ASAS J185911+4815.8,0,208,25,0.297,0.005,5788,228,4.03,0.39,-0.35,0.23,13.965,0.1,1.633873644,0.101141737
Kepler-179,2,1.8,1,16.52696056,10.87251349,5256.9,60,4.503,0.1,0.121,0.04,14.613,0.1,1.622339422,0.017759598
Kepler-1442,1,12.8,1,5.381352505,0.963574597,6387.9,60,4.202,0.1,0.146,0.04,12.146,0.1,1.614387477,0.024924645
Kepler-181,2,2,1,34.770133,4.173440658,5120,60,4.538,0.1,-0.045,0.04,14.707,0.1,1.612666173,0.021239697
TYC 3560-3023-1,0,250,30,4.642,nan,7283,204,3.92,0.14,-0.03,0.12,11.599,0.1,1.604485256,0.02012283
Kepler-1274,1,6.8,1,17.018389,0.24237419,6197.4,60,4.035,0.1,0.17,0.04,11.752,0.1,1.598613487,0.029259018
Kepler-1359,1,3.2,1,25.343,0.082,4698.9,60,4.651,0.1,-0.029,0.04,15.768,0.1,1.598535104,0.037043379
Kepler-1559,1,2,1,31.92398272,5.009337789,5223.5,60,4.44,0.1,0.13,0.04,14.5,0.1,1.59804903,0.024993287
Kepler-1485,1,3.9,1,18.47338174,2.759181752,5980.3,60,4.21,0.1,0.054,0.04,13.204,0.1,1.595555017,0.016700414
Kepler-339,3,1.8,1,16.916,0.005,5446.3,60,4.684,0.1,-0.002,0.04,14.531,0.1,1.593197477,0.024371328
Kepler-1598,1,2.7,1,14.21375243,0.083541752,5763.2,60,4.515,0.1,0.053,0.04,13.874,0.1,1.584533821,0.018637775
Kepler-561,2,1.6,1,26.336,0.121,5479.2,60,4.485,0.1,0.265,0.04,14.361,0.1,1.580852078,0.023988984
Kepler-115,2,3.5,1,13.82956573,0.168852999,5999.6,60,4.367,0.1,-0.024,0.04,13.431,0.1,1.574883976,0.017722515
Kepler-1227,1,1.5,1,20.42794932,3.117166648,5485.1,60,4.504,0.1,-0.069,0.04,14.183,0.1,1.574514518,0.015639239
Kepler-402,4,6.3,1,9.127384461,0.072158518,6119.1,60,4.381,0.1,-0.055,0.04,13.268,0.1,1.570408265,0.01852782
Kepler-246,2,2.4,1,23.175,0.076,5088.5,60,4.583,0.1,0.203,0.04,15.024,0.1,1.568774122,0.022608277
Kepler-883,1,1,1,35.9603589,5.669541626,5953.4,60,4.334,0.1,-0.429,0.04,13.029,0.1,1.564979301,0.017691525
Kepler-491,1,2.1,1,15.97278575,2.126401753,5521.8,60,4.228,0.1,0.369,0.04,14.014,0.1,1.556527968,0.015883573
Kepler-1466,1,0.2,1,22.98260048,4.575324174,5551.5,60,4.473,0.1,-0.429,0.04,13.926,0.1,1.553599179,0.015354239
Kepler-1232,1,1.3,1,21.81327848,8.666253291,5213.5,60,4.599,0.1,-0.017,0.04,14.803,0.1,1.551440952,0.01879241
Kepler-213,2,2.3,1,27.55280404,4.724143064,5658.2,60,4.277,0.1,0.154,0.04,13.648,0.1,1.546225132,0.017899989
Kepler-716,1,2.6,1,23.593,0.069,5063.6,60,4.703,0.1,-0.061,0.04,15.193,0.1,1.546180619,0.02159711
Kepler-549,2,1.3,1,26.28,0.216,5332.9,60,4.584,0.1,0.137,0.04,14.621,0.1,1.545670386,0.017089507
Kepler-648,1,1.6,1,23.14985779,0.220125631,5693.3,60,4.414,0.1,0.226,0.04,13.939,0.1,1.543547988,0.019252384
Kepler-201,2,2.7,1,10.40291837,4.800073827,6151.9,60,4.223,0.1,-0.028,0.04,13.004,0.1,1.542787752,0.023590243
Kepler-1593,1,3.9,1,12.02,0.82,4757.5,60,4.604,0.1,0.072,0.04,15.873,0.1,1.538857134,0.031932004
Kepler-569,1,0.7,1,27.17961891,6.410658251,5560.3,60,4.421,0.1,-0.063,0.04,14.106,0.1,1.537889477,0.017281963
Kepler-805,1,6.2,1,14.83673955,4.000249947,6111.6,60,4.139,0.1,-0.122,0.04,12.547,0.1,1.537741262,0.024426215
Kepler-522,1,13.5,1,4.919,0.007,6338,60,4.169,0.1,0.256,0.04,12.211,0.1,1.535859187,0.024901469
Kepler-77,1,2,1,30.4918777,8.038580351,5595.7,60,4.372,0.1,0.371,0.04,13.938,0.1,1.535181833,0.017124781
Kepler-803,1,2.7,1,21.68533213,2.473378798,5854.2,60,4.254,0.1,0.027,0.04,13.672,0.1,1.534325595,0.015970114
Kepler-1394,1,9.9,1,19.25578501,1.774347108,6421.5,60,3.949,0.1,-0.006,0.04,11.801,0.1,1.532808978,0.019658256
Kepler-57,2,1.6,1,33.307,3.532,5203.1,60,4.557,0.1,0.081,0.04,14.809,0.1,1.523858003,0.020635663
Kepler-11,6,0.9,1,21.07422812,5.49214926,5763.2,60,4.28,0.1,0.052,0.04,13.709,0.1,1.518406348,0.015144842
TYC 3541-331-1,0,122,24,5.226,0.009,5955,97,4.23,0.13,-0.17,0.18,12.176,0.1,1.516871377,0.070099754
Kepler-804,2,1.3,1,29.46538237,0.487861519,5704.5,60,4.318,0.1,-0.023,0.04,13.749,0.1,1.510501917,0.015071885
Kepler-192,3,1.3,1,21.27614105,9.847933141,5527.3,60,4.362,0.1,0.307,0.04,14.129,0.1,1.505708431,0.015758884
Kepler-511,1,1.9,1,29.25550136,3.162000958,5836.8,60,4.163,0.1,-0.352,0.04,12.747,0.1,1.505199366,0.02404775
Kepler-195,2,0.4,1,25.828,0.024,5232.3,60,4.641,0.1,0.039,0.04,14.813,0.1,1.504954341,0.020500992
Kepler-133,2,4,1,20.93340618,8.107691282,5711.8,60,4.151,0.1,0.286,0.04,12.848,0.1,1.502924249,0.044539344
Kepler-218,3,1.4,1,17.60802777,4.720373875,5593.7,60,4.316,0.1,0.371,0.04,13.967,0.1,1.494716198,0.014638372
Kepler-478,1,1.7,1,32.208,0.174,5154.2,60,4.521,0.1,-0.199,0.04,13.938,0.1,1.494237593,0.350628549
Kepler-111,2,2.8,1,16.957,0.105,5905.2,60,4.284,0.1,0.224,0.04,13.492,0.1,1.492720539,0.013696437
Kepler-247,3,1.6,1,33.838,3.5,5059.6,60,4.475,0.1,0.296,0.04,15.067,0.1,1.478462145,0.030650469
Kepler-200,2,1.3,1,19.12348856,0.238186267,5784.9,60,4.476,0.1,-0.031,0.04,13.984,0.1,1.472910425,0.015989635
Kepler-526,1,2.9,1,18.41666462,5.454593263,5798.5,60,4.161,0.1,0.381,0.04,13.046,0.1,1.472501985,0.01799474
Kepler-1531,1,6.6,1,20.80915353,0.323483702,6183.8,60,4.3,0.1,-0.05,0.04,13.194,0.1,1.471875003,0.012360563
Kepler-464,1,3.9,1,17.332,0.133,5919.8,60,4.098,0.1,0.262,0.04,12.702,0.1,1.469305163,0.021342709
Kepler-1067,1,2.3,1,17.422,0.024,5584.1,60,4.613,0.1,0.275,0.04,14.305,0.1,1.468965071,0.018309979
Kepler-1547,1,2.7,1,18.0268996,5.541157265,5839.5,60,4.248,0.1,0.116,0.04,13.447,0.1,1.453290574,0.013029564
Kepler-1571,1,3.1,1,15.88885692,0.112027282,5638.2,60,4.59,0.1,-0.016,0.04,13.767,0.1,1.452130213,0.016935123
Kepler-337,2,2.1,1,6.202704985,4.582112692,5634.4,60,3.96,0.1,0.066,0.04,12.727,0.1,1.446312858,0.020068496
Kepler-1327,1,1.5,1,20.61275784,2.189035934,5646.2,60,4.382,0.1,-0.273,0.04,13.914,0.1,1.445898165,0.012405286
Kepler-985,1,1.9,1,18.525,0.026,5425.2,60,4.672,0.1,0,0.04,14.767,0.1,1.443311042,0.019824617
Kepler-392,2,1.8,1,25.72607312,2.992127029,5951.3,60,4.384,0.1,-0.351,0.04,13.455,0.1,1.438731211,0.01640082
Kepler-535,1,4.9,1,10.8012552,0.141431529,6127.6,60,4.306,0.1,0.203,0.04,13.174,0.1,1.42972724,0.012494868
Kepler-204,2,2.6,1,16.82325541,0.190264668,5877.1,60,4.432,0.1,0.065,0.04,13.909,0.1,1.427374256,0.014879705
Kepler-212,2,3.8,1,21.59894671,0.283527933,5879.6,60,4.141,0.1,0.222,0.04,13.178,0.1,1.426452186,0.017717473
Kepler-1385,1,2.2,1,21.12364432,1.92370895,5727.1,60,4.182,0.1,0.32,0.04,12.858,0.1,1.423669279,0.032629585
Kepler-554,1,1.7,1,36.73477852,9.76883061,5457.9,60,4.367,0.1,0.341,0.04,14.313,0.1,1.419466313,0.017912924
Kepler-1156,1,0.8,1,15.99209184,3.070155163,5667.4,60,4.495,0.1,-0.189,0.04,14.152,0.1,1.417670808,0.014991449
Kepler-297,2,1.3,1,23.74785671,0.703162104,5692.6,60,4.514,0.1,-0.106,0.04,14.232,0.1,1.416010818,0.016555926
Kepler-461,1,7.7,1,8.552,0.005,5779.4,60,4.338,0.1,-0.064,0.04,13.704,0.1,1.415925738,0.013663699
Kepler-1100,1,2.6,1,16.53396738,0.21500135,5882.1,60,4.393,0.1,-0.064,0.04,13.862,0.1,1.412971119,0.016573189
Kepler-243,2,2.4,1,26.26876928,0.293346347,5149.3,60,4.511,0.1,0.263,0.04,15.086,0.1,1.412540981,0.019920037
Kepler-290,2,2.4,1,32.38,3.67,4962.3,60,4.714,0.1,-0.102,0.04,15.596,0.1,1.411326548,0.029263171
Kepler-1409,1,3.4,1,13.69453361,0.066843837,5112.8,60,4.621,0.1,0.179,0.04,15.168,0.1,1.410398663,0.020146514
Kepler-1069,1,2.7,1,13.84874621,6.38584092,5579,60,4.074,0.1,0.228,0.04,13.153,0.1,1.407991946,0.013065769
Kepler-424,2,2.5,1,15.09643713,0.762820614,5481.7,60,4.315,0.1,0.419,0.04,14.256,0.1,1.402773127,0.020297495
Kepler-1288,1,18.1,1,20.304,0.096,6431.4,60,4.339,0.1,0.033,0.04,13.321,0.1,1.400379638,0.09146995
Kepler-203,3,2.8,1,15.23015829,0.09259443,5886.6,60,4.407,0.1,0.079,0.04,13.989,0.1,1.393288293,0.019077365
Kepler-1435,1,9.6,1,6.492284084,0.217530038,6234.2,60,4.268,0.1,-0.138,0.04,12.938,0.1,1.39134075,0.018622362
Kepler-289,3,5.8,1,8.648,0.009,5989,60,4.596,0.1,0.027,0.04,13.956,0.1,1.390925441,0.017615177
Kepler-886,1,0.9,1,21.9534231,2.487576381,5856.7,60,4.494,0.1,-0.207,0.04,13.939,0.1,1.377044561,0.014027884
Kepler-330,2,1.1,1,46.42,4.03,5027.8,60,4.515,0.1,0.158,0.04,15.261,0.1,1.365268554,0.026606414
Kepler-1258,1,1.2,1,39.07199374,30.78448152,5627.2,60,4.323,0.1,-0.327,0.04,13.835,0.1,1.36484884,0.016934351
Kepler-301,3,1.5,1,22.686,0.208,5656.5,60,4.455,0.1,0.184,0.04,14.271,0.1,1.36181592,0.019896945
Kepler-17,1,4.5,1,12.159,0.029,5722.4,60,4.534,0.1,0.333,0.04,14.141,0.1,1.358859913,0.019756621
Kepler-422,1,1.9,1,44.47544681,20.62994318,5891.2,60,4.21,0.1,0.21,0.04,13.435,0.1,1.354645298,0.012515861
Kepler-553,2,2.4,1,23.51291386,10.33341294,5182.1,60,4.389,0.1,0.183,0.04,14.924,0.1,1.344234837,0.023498586
Kepler-1479,1,1,1,34.98382402,6.39423268,5713.4,60,4.221,0.1,-0.049,0.04,13.785,0.1,1.343585755,0.016550736
Kepler-69,2,1.4,1,46.43324792,7.888904301,5629.6,60,4.292,0.1,-0.219,0.04,13.749,0.1,1.339891664,0.014232247
Kepler-520,2,5.4,1,14.30978653,0.189510997,6009.3,60,4.451,0.1,-0.087,0.04,12.797,0.1,1.336981184,0.124295725
Kepler-1619,1,1.4,1,20.86282945,5.569800793,5649.6,60,4.202,0.1,-0.268,0.04,13.341,0.1,1.332001528,0.014741161
Kepler-170,2,1.8,1,18.07386145,8.842227365,5573.3,60,4.287,0.1,0.385,0.04,14.387,0.1,1.325139584,0.019816165
Kepler-248,2,1.1,1,25.066,0.009,4973,60,3.945,0.1,0.165,0.04,15.258,0.1,1.325112841,0.023162745
Kepler-1015,1,18.6,1,5.828511861,0.121158575,6443.3,60,4.299,0.1,0.033,0.04,12.818,0.1,1.324232469,0.026328997
Kepler-15,1,2.9,1,23.48472672,4.316728583,5662.1,60,4.19,0.1,0.266,0.04,13.758,0.1,1.323834068,0.020250726
Kepler-1082,1,1.6,1,20.45440649,1.933547474,5846.7,60,4.146,0.1,-0.127,0.04,13.38,0.1,1.323318013,0.014008929
Kepler-230,2,0.6,1,18.85586824,3.138197127,5253.1,60,4.614,0.1,-0.21,0.04,15.082,0.1,1.32146689,0.024628007
Kepler-420,1,3.5,1,26.18461505,10.8245319,5500.7,60,4.293,0.1,0.317,0.04,14.651,0.1,1.30902354,0.953778337
Kepler-1501,1,3.7,1,10.92233143,2.256205181,6015.9,60,4.308,0.1,-0.154,0.04,13.71,0.1,1.306152153,0.012508873
Kepler-527,1,8.3,1,6.886,0.176,6208.5,60,4.417,0.1,0.108,0.04,13.39,0.1,1.304417519,0.013409904
Kepler-655,1,5.6,1,16.25637683,2.552179653,6145.4,60,4.356,0.1,-0.111,0.04,13.489,0.1,1.300074188,0.01594935
Kepler-1338,1,2.3,1,39.16009357,13.86333301,5834.2,60,4.167,0.1,0.219,0.04,13.615,0.1,1.298863104,0.018782224
Kepler-914,1,3.2,1,18.08019098,4.525387657,5804.2,60,4.167,0.1,0.257,0.04,13.574,0.1,1.297966278,0.015662122
Kepler-1412,1,2.4,1,19.42421299,2.476868959,5759.1,60,4.099,0.1,-0.031,0.04,13.219,0.1,1.29451573,0.015226408
Kepler-439,1,1.7,1,19.00430845,2.534109899,5497.8,60,4.459,0.1,0.102,0.04,14.56,0.1,1.292241906,0.019601819
Kepler-725,1,2.2,1,17.459,0.022,5399.3,60,4.618,0.1,0.135,0.04,15.011,0.1,1.289909885,0.023519217
Kepler-222,3,4.2,1,10.983,0.018,5314.6,60,4.555,0.1,0.328,0.04,15.063,0.1,1.289312865,0.025471902
Kepler-363,3,3.2,1,17.11371657,0.676875815,5648.4,60,4.004,0.1,0.443,0.04,13.353,0.1,1.282441021,0.012259394
Kepler-85,4,2.1,1,23.498,0.066,5519.9,60,4.553,0.1,0.123,0.04,14.779,0.1,1.278619927,0.022803883
TYC 3148-1402-1,0,229,27,1.38902,nan,6626,120,4.12,0.11,-0.14,0.14,10.736,0.1,1.273213497,0.022553325
Kepler-368,2,3,1,20.92782352,1.316527679,5458.8,60,3.907,0.1,0.127,0.04,12.848,0.1,1.268544772,0.022782246
Kepler-1590,1,0.3,1,38.10384152,4.411013377,5707.1,60,4.356,0.1,-0.308,0.04,14.11,0.1,1.268037901,0.017814597
Kepler-208,4,5.1,1,11.24289248,0.635407446,6053.6,60,4.239,0.1,0.019,0.04,13.749,0.1,1.261017567,0.014623291
Kepler-1434,1,10.1,1,11.60869501,0.224141498,6251,60,4.062,0.1,0.242,0.04,12.086,0.1,1.260970897,0.023809493
Kepler-46,3,1.3,1,27.859,0.075,5162,60,4.587,0.1,0.172,0.04,15.262,0.1,1.258594226,0.027685138
Kepler-311,2,2.8,1,22.4138734,4.026519187,5897.3,60,4.288,0.1,-0.027,0.04,13.797,0.1,1.255453001,0.015085777
Kepler-257,3,2,1,21.679,0.042,5117.8,60,4.42,0.1,0.396,0.04,15.471,0.1,1.253532554,0.027973569
Kepler-642,1,12.7,1,4.894052115,0.036191906,6380,60,4.466,0.1,0.041,0.04,13.343,0.1,1.250671545,0.013811118
Kepler-342,4,9.5,1,7.254010195,0.234392215,6272.3,60,4.254,0.1,0.099,0.04,13.147,0.1,1.250640438,0.015616117
Kepler-224,4,2.8,1,21.878,0.063,5045.7,60,4.6,0.1,-0.064,0.04,15.644,0.1,1.250397847,0.02967672
Kepler-1421,1,6.2,1,13.13,0.249,6189.6,60,4.055,0.1,-0.056,0.04,12.788,0.1,1.247853571,0.02122159
Kepler-51,3,5.5,1,8.222,0.007,5673.8,60,4.697,0.1,0.047,0.04,14.669,0.1,1.247262325,0.021710208
Kepler-528,1,1.9,1,35.38635866,0.704646035,5723.7,60,4.25,0.1,0.075,0.04,13.936,0.1,1.246393477,0.015709537
Kepler-637,1,8.8,1,7.543981568,3.125021383,6281,60,4.369,0.1,-0.051,0.04,13.413,0.1,1.24337278,0.015241032
Kepler-219,3,3.5,1,17.101,0.09,5873.3,60,4.278,0.1,0.358,0.04,13.764,0.1,1.241775437,0.016947453
Kepler-760,2,1.8,1,21.54371615,0.693026805,5239.3,60,4.463,0.1,0.298,0.04,15.07,0.1,1.233642794,0.025493752
Kepler-1622,1,6.8,1,8.745060908,0.130834422,6187.8,60,4.298,0.1,0.105,0.04,13.385,0.1,1.226752852,0.014157622
Kepler-312,2,10.4,1,5.7323294,0.024634613,6223.5,60,4.484,0.1,0.146,0.04,12.949,0.1,1.225165912,0.021587739
Kepler-387,2,1.3,1,20.01730706,1.655825127,5789.1,60,4.311,0.1,-0.299,0.04,13.987,0.1,1.219592181,0.016675222
Kepler-1264,1,1.1,1,20.24171655,0.14327999,5605.7,60,4.631,0.1,-0.078,0.04,14.511,0.1,1.219249217,0.039117815
Kepler-982,1,4.2,1,6.926154805,0.207161638,6332.5,60,4.278,0.1,-0.196,0.04,13.205,0.1,1.219147658,0.023253505
Kepler-443,1,2.2,1,16.82530722,0.334534588,4780.6,60,4.561,0.1,0.016,0.04,15.891,0.1,1.21844638,0.034876354
Kepler-990,2,1.5,1,31.085,1.232,5577.4,60,4.372,0.1,-0.112,0.04,14.498,0.1,1.218050333,0.018972396
Kepler-1193,1,3.6,1,20.12597591,6.008604618,5850.9,60,4.146,0.1,0.092,0.04,13.467,0.1,1.217916643,0.016389626
Kepler-1025,1,4.3,1,13.81664393,1.800982478,6031.4,60,4.257,0.1,-0.217,0.04,13.573,0.1,1.216385322,0.038485721
Kepler-500,1,2.8,1,23.840781,0.339349967,5747.8,60,4.222,0.1,0.243,0.04,14.176,0.1,1.209828634,0.01844819
Kepler-1213,1,3.9,1,19.56736362,1.800509391,5940.5,60,4.119,0.1,-0.082,0.04,13.386,0.1,1.209045296,0.012866195
Kepler-143,2,2.4,1,13.17227224,10.64975664,5801.9,60,4.178,0.1,-0.011,0.04,13.77,0.1,1.206700352,0.016979337
Kepler-404,2,1.1,1,23.51704524,0.258977782,5326.4,60,4.623,0.1,-0.032,0.04,15.228,0.1,1.202126081,0.021651242
Kepler-1328,1,2,1,31.68320055,14.23363002,5596.7,60,4.164,0.1,-0.023,0.04,13.836,0.1,1.200415591,0.016300383
Kepler-380,2,3.7,1,22.01906538,1.124198251,6031,60,4.291,0.1,-0.157,0.04,13.652,0.1,1.200301244,0.021432815
Kepler-389,2,0.9,1,28.051,0.108,5072.1,60,4.655,0.1,-0.1,0.04,15.77,0.1,1.19667672,0.032323503
Kepler-1047,2,4.6,1,22.36733531,4.190051524,5658.6,60,4.232,0.1,0.289,0.04,13.351,0.1,1.194193395,0.014618279
Kepler-849,1,4.9,1,17.829,0.447,5978.8,60,4.026,0.1,0.138,0.04,12.849,0.1,1.187820305,0.023525271
Kepler-325,3,2.9,1,14.168,0.009,5540.7,60,4.735,0.1,0.023,0.04,15.009,0.1,1.18606507,0.020806551
Kepler-285,2,0.5,1,26.948,1.399,5296.3,60,4.603,0.1,0.172,0.04,15.173,0.1,1.184598736,0.022935248
Kepler-229,3,2.1,1,15.94,0.615,5001.6,60,4.678,0.1,0.062,0.04,15.841,0.1,1.182198363,0.033749695
Kepler-320,2,6.9,1,26.68107371,0.577558607,6134.3,60,4.28,0.1,-0.064,0.04,13.474,0.1,1.180995108,0.015387057
Kepler-172,4,2.2,1,23.287,0.199,5613.4,60,4.338,0.1,0.386,0.04,14.532,0.1,1.178462946,0.026146189
Kepler-521,1,15.9,1,9.691515439,8.34832474,6563.3,60,4.237,0.1,0.062,0.04,12.885,0.1,1.175422127,0.020295593
Kepler-173,2,3.6,1,14.998,0.581,5941.1,60,4.434,0.1,0.065,0.04,14.209,0.1,1.171798312,0.021192119
Kepler-23,3,1.4,1,9.112385194,2.584337653,5823.3,60,4.057,0.1,-0.09,0.04,13.438,0.1,1.167767015,0.016072886
Kepler-859,1,2.7,1,26.757,0.058,4923.2,60,4.7,0.1,-0.186,0.04,15.887,0.1,1.162880675,0.038586579
Kepler-1365,2,1.8,1,15.66093697,3.218252301,5699.6,60,4.055,0.1,0.155,0.04,13.421,0.1,1.161594185,0.016481651
Kepler-403,3,4.9,1,20.79802169,0.680905104,6094,60,4.064,0.1,0.089,0.04,12.805,0.1,1.161535939,0.022560184
Kepler-1218,1,2.4,1,8.164698011,1.983886824,5832.2,60,4.097,0.1,-0.064,0.04,13.578,0.1,1.161084996,0.018064923
Kepler-474,1,1.4,1,30.1582796,10.56694785,5667,60,4.131,0.1,-0.173,0.04,13.494,0.1,1.159608374,0.015414583
Kepler-426,1,0.1,1,21.97686964,7.072008906,5535.3,60,4.48,0.1,-0.169,0.04,14.835,0.1,1.156560069,0.019053968
KIC 8552365,0,233,22,17.352,0.533,5652,112,4.15,0.18,-0.06,0.17,13.71,0.1,1.151965347,0.020822688
Kepler-432,2,3,1,24.07378993,3.753761556,5002.2,60,3.423,0.1,0.075,0.04,12.183,0.1,1.150947056,0.027818514
Kepler-90,8,3.7,1,17.93623056,2.841043942,6015.4,60,4.265,0.1,0.098,0.04,13.804,0.1,1.150071414,0.014920965
Kepler-930,1,3.7,1,15.81602036,2.290473008,5855.8,60,4.129,0.1,0.129,0.04,13.781,0.1,1.150040231,0.016085119
Kepler-1266,1,1.4,1,16.99420578,0.824243165,4976,60,4.68,0.1,-0.241,0.04,15.86,0.1,1.149484379,0.035323182
Kepler-915,1,7.6,1,10.04851169,0.344952446,6080.9,60,4.164,0.1,0.024,0.04,13.298,0.1,1.148971647,0.013504146
Kepler-639,1,2,1,22.0058884,4.319660044,5834.3,60,4.055,0.1,-0.017,0.04,13.336,0.1,1.147398748,0.015337681
Kepler-1398,2,3.3,1,19.99807128,2.586203551,5969.3,60,4.226,0.1,-0.043,0.04,13.71,0.1,1.144641552,0.014496679
Kepler-1344,1,2.4,1,23.50665569,2.611945923,5814.9,60,4.313,0.1,-0.002,0.04,14.083,0.1,1.142285038,0.01800224
Kepler-1090,1,2.2,1,19.374,0.369,5324.8,60,4.714,0.1,0.013,0.04,15.001,0.1,1.137107935,0.03695493
Kepler-483,1,11.1,1,5.826208742,0.777596178,6318.8,60,4.349,0.1,-0.215,0.04,13.432,0.1,1.133512541,0.01365215
Kepler-245,4,3.1,1,19.444,0.039,5104.8,60,4.671,0.1,0.124,0.04,15.599,0.1,1.13294562,0.033814169
Kepler-171,3,1.5,1,21.506,0.138,5528.9,60,4.509,0.1,0.173,0.04,14.883,0.1,1.1294002,0.024362628
Kepler-1523,1,1.5,1,28.70510813,0.649510223,5568.2,60,4.437,0.1,0.148,0.04,14.86,0.1,1.126937993,0.023687361
Kepler-1662,2,3.1,1,23.75429099,9.640964064,5922.8,60,4.291,0.1,0.11,0.04,13.929,0.1,1.126367589,0.017909666
Kepler-1311,2,1.8,1,29.46246835,4.101374676,5754.2,60,4.059,0.1,0.101,0.04,13.349,0.1,1.125574301,0.017550608
Kepler-391,2,2.9,1,21.12256449,7.930550791,5090.2,60,3.702,0.1,0.148,0.04,13.007,0.1,1.121662894,0.01675846
Kepler-712,2,1.2,1,29.38,3.92,4926.8,60,4.087,0.1,-0.083,0.04,15.859,0.1,1.119379368,0.042348783
Kepler-487,2,1,1,28.77795042,12.86373167,5456.4,60,4.468,0.1,0.107,0.04,14.991,0.1,1.118316288,0.027166013
Kepler-207,3,5.3,1,15.9259086,0.206031332,5969.1,60,4.092,0.1,0.293,0.04,13.182,0.1,1.113336418,0.012670233
Kepler-360,2,3.7,1,10.252,0.008,5604.2,60,4.589,0.1,0.147,0.04,14.866,0.1,1.112824142,0.01980519
Kepler-1219,1,5.5,1,29.067,0.088,6002.8,60,3.924,0.1,0.139,0.04,12.249,0.1,1.106848957,0.023191494
Kepler-393,2,14.4,1,19.05987293,1.292218594,6329.7,60,4.293,0.1,0.047,0.04,13.223,0.1,1.105847553,0.017639705
Kepler-12,1,1.7,1,29.58626173,9.410812972,5926.5,60,4.014,0.1,0.033,0.04,13.438,0.1,1.105700773,0.012454033
KIC 8974429,0,125,29,3.887,0.023,6321,108,4.08,0.13,-0.1,0.14,13.985,0.1,1.103612466,0.019977368
Kepler-1278,1,4.2,1,21.97042146,5.030556123,6009.8,60,4.177,0.1,0.026,0.04,13.658,0.1,1.095679636,0.020329876
Kepler-272,3,2.7,1,13.81802617,4.401448628,5439.2,60,4.404,0.1,0.042,0.04,14.678,0.1,1.095474587,0.017438929
Kepler-1457,1,3,1,17.37832797,3.815215711,5845.7,60,4.168,0.1,-0.122,0.04,14.06,0.1,1.094924631,0.014564215
Kepler-656,1,1.7,1,33.34949063,7.287671146,5251.4,60,4.412,0.1,0.295,0.04,15.342,0.1,1.094715878,0.026100832
Kepler-164,3,3.3,1,15.35,0.047,5923.2,60,4.397,0.1,0,0.04,14.282,0.1,1.093873427,0.016863711
Kepler-1256,1,5,1,6.854695587,7.764272071,5993.8,60,4.133,0.1,-0.01,0.04,13.539,0.1,1.093359236,0.016427921
Kepler-364,2,5.8,1,12.0030308,9.023532358,6090.2,60,4.253,0.1,-0.037,0.04,13.66,0.1,1.092874305,0.012355358
Kepler-384,2,1.6,1,24.62669302,2.309892929,5540.8,60,4.104,0.1,-0.293,0.04,13.584,0.1,1.087617239,0.013132902
Kepler-1617,1,2,1,1.09707326,0.669561027,5902.6,60,4.166,0.1,-0.116,0.04,13.63,0.1,1.084405456,0.015629358
Kepler-5,1,4.4,1,24.13974046,8.352035331,6331.9,60,4.121,0.1,0.022,0.04,13.369,0.1,1.082938849,0.020191299
Kepler-619,2,4.2,1,11.004,0.004,5816.3,60,4.596,0.1,0.077,0.04,14.697,0.1,1.081619123,0.020037195
Kepler-82,5,2.4,1,20.40868505,3.378469898,5400.5,60,4.372,0.1,0.201,0.04,15.158,0.1,1.077619268,0.026787554
Kepler-1488,1,3.9,1,29.11820159,0.346574231,5799.5,60,3.954,0.1,0.128,0.04,13.102,0.1,1.07511993,0.013911778
Kepler-56,3,3.2,1,1.699986547,1.247706321,4911.7,60,3.383,0.1,0.401,0.04,12.44,0.1,1.067285858,0.028013402
Kepler-154,5,1.1,1,35.92254632,3.521049646,5666.2,60,4.346,0.1,0.019,0.04,14.534,0.1,1.06395613,0.019692896
Kepler-430,2,3.7,1,17.62125613,2.427953477,5935.6,60,4.18,0.1,0.198,0.04,13.848,0.1,1.061273671,0.019128512
Kepler-1570,1,2.1,1,15.02436739,2.108334244,5366.8,60,3.934,0.1,-0.285,0.04,13.961,0.1,1.059510747,0.016481323
Kepler-1657,1,2.3,1,29.81221852,7.50548838,5793.3,60,4.304,0.1,0.224,0.04,14.524,0.1,1.056420035,0.027285281
Kepler-7,1,3.7,1,15.886479,0.426334296,6084.1,60,3.986,0.1,0.193,0.04,12.885,0.1,1.055448702,0.023513054
Kepler-251,4,1.7,1,19.90790794,7.726113005,5492.2,60,4.466,0.1,-0.059,0.04,15.223,0.1,1.053762624,0.030701797
Kepler-343,2,3,1,6.901937802,1.730346498,5781.4,60,4.169,0.1,0.18,0.04,14.128,0.1,1.050049422,0.021704595
Kepler-101,2,2.5,1,21.77661126,3.242067156,5660.6,60,4.068,0.1,0.392,0.04,13.77,0.1,1.048839154,0.017053095
Kepler-1001,1,2.1,1,19.836,0.034,5439.5,60,4.651,0.1,0.041,0.04,15.338,0.1,1.048032451,0.026917234
Kepler-361,2,7.6,1,10.04664455,1.098922855,6145,60,4.17,0.1,0.041,0.04,13.573,0.1,1.046287108,0.01776455
KIC 11240278,0,127,19,5.454,0.014,5962,85,4.21,0.14,-0.02,0.17,13.271,0.1,1.044196327,0.018004938
Kepler-633,1,2.3,1,20.83959494,8.985330092,5855.6,60,4.151,0.1,-0.175,0.04,13.716,0.1,1.042757606,0.016401126
Kepler-382,2,2.3,1,41.39514861,16.74067353,5719.5,60,4.326,0.1,0.127,0.04,14.623,0.1,1.040699242,0.022639227
Kepler-160,2,1.3,1,23.32401255,11.82796281,5616.5,60,4.335,0.1,0.198,0.04,14.619,0.1,1.038509592,0.018284432
Kepler-1070,1,5.3,1,10.714,0.032,6090.3,60,4.368,0.1,-0.047,0.04,13.977,0.1,1.03612122,0.013158922
Kepler-349,2,6.3,1,7.799,0.001,5883.8,60,4.585,0.1,0.213,0.04,14.746,0.1,1.034520144,0.021064911
Kepler-1052,1,3.3,1,13.24,0.038,5737.6,60,4.595,0.1,0.117,0.04,14.876,0.1,1.03137245,0.01917035
Kepler-839,1,3.7,1,11.7388911,1.393594415,5936.3,60,4.119,0.1,0.137,0.04,13.601,0.1,1.029914926,0.015264074
Kepler-270,2,5.5,1,11.06606831,0.224184457,6098.6,60,4.283,0.1,0.155,0.04,13.908,0.1,1.025153119,0.014164303
Kepler-116,2,7.9,1,8.834753042,0.255086915,6219.8,60,4.28,0.1,0.071,0.04,13.717,0.1,1.01829077,0.016664147
Kepler-980,1,2.9,1,24.36173232,0.411969441,5830.7,60,4.193,0.1,0.011,0.04,14.138,0.1,1.011459532,0.017893517
Kepler-401,3,5.8,1,14.70855331,0.645606766,6044.6,60,4.043,0.1,0.004,0.04,13.312,0.1,1.006911123,0.017615911
Kepler-1533,1,7.1,1,10.061223,0.284539189,6320.3,60,4.154,0.1,-0.22,0.04,13.215,0.1,1.005825983,0.019365845
Kepler-188,2,2.1,1,33.08580483,10.61347664,5706.5,60,4.366,0.1,0.15,0.04,14.674,0.1,1.003923488,0.023156109
Kepler-654,1,2,1,15.99329422,10.53974459,5846.3,60,4.078,0.1,0.127,0.04,13.645,0.1,0.997898699,0.016286962
Kepler-293,2,0.7,1,31.269,0.533,5482.7,60,4.53,0.1,0.097,0.04,15.368,0.1,0.997498792,0.023771317
Kepler-1340,1,3.1,1,12.95034088,0.717055212,5909.4,60,4.401,0.1,0.109,0.04,14.758,0.1,0.990413118,0.02449045
Kepler-1072,1,4.1,1,15.69524519,0.658886855,6004.4,60,4.191,0.1,0.09,0.04,13.93,0.1,0.988813618,0.015280531
Kepler-346,2,1.1,1,22.223,0.143,5511.4,60,4.544,0.1,0.099,0.04,15.214,0.1,0.987735033,0.026723769
Kepler-638,1,1.7,1,29.85097133,8.692684839,5319.5,60,3.888,0.1,-0.072,0.04,13.532,0.1,0.980072634,0.015773872
KIC 11517934,0,173,25,2.806,0.006,5876,121,4.1,0.14,-0.18,0.21,13.379,0.1,0.978864736,0.033392277
Kepler-1580,1,8.2,1,16.34323706,0.270231286,6300.2,60,3.982,0.1,0.118,0.04,12.561,0.1,0.969462669,0.024101249
Kepler-259,2,1.2,1,14.42771566,3.86662242,5510.9,60,4.507,0.1,-0.085,0.04,15.219,0.1,0.969385812,0.025377662
Kepler-1370,2,6.3,1,8.201791665,3.866246659,6190.4,60,4.166,0.1,0.22,0.04,13.701,0.1,0.967127183,0.015788183
Kepler-43,1,5.4,1,12.851,0.053,5956.8,60,4.195,0.1,0.343,0.04,13.958,0.1,0.965345021,0.01391868
Kepler-193,2,3.7,1,13.63351062,0.312079373,5975.5,60,4.415,0.1,-0.004,0.04,14.615,0.1,0.962587139,0.021836246
Kepler-978,1,6.1,1,18.725,0.041,5996.4,60,4.385,0.1,-0.103,0.04,13.429,0.1,0.961005949,0.244039368
Kepler-419,2,13.6,1,4.492,0.012,6383,60,4.182,0.1,0.168,0.04,13.005,0.1,0.960327312,0.024066759
Kepler-79,4,14,1,4.707440084,0.169581752,6388.8,60,4.326,0.1,0.061,0.04,13.914,0.1,0.951088948,0.016260257
Kepler-123,2,5.9,1,10.38832715,2.757877927,6153.8,60,4.277,0.1,-0.081,0.04,14.061,0.1,0.950448182,0.020969633
Kepler-8,1,10.2,1,7.457770264,0.249230215,6181.3,60,4.238,0.1,-0.084,0.04,13.563,0.1,0.949757728,0.013852621
Kepler-596,1,3,1,17.50057175,0.796185734,5983.7,60,4.265,0.1,-0.059,0.04,14.02,0.1,0.948052675,0.021837045
Kepler-60,3,3,1,13.22694388,1.198265142,5833.7,60,4.109,0.1,-0.043,0.04,13.959,0.1,0.946820848,0.018501975
Kepler-256,4,1.8,1,14.92130711,0.363968279,5607.4,60,4.317,0.1,0.259,0.04,15.065,0.1,0.94574983,0.022268827
Kepler-1587,1,3.5,1,23.44391718,5.669386121,5774.1,60,4.01,0.1,0.048,0.04,14.09,0.1,0.945453335,0.017069584
Kepler-1383,1,6,1,42.95751999,9.337495662,6092.8,60,4.142,0.1,-0.24,0.04,13.716,0.1,0.945245351,0.021955311
Kepler-1293,1,7.2,1,12.265,0.021,6219.1,60,4.135,0.1,0.125,0.04,13.383,0.1,0.943766577,0.013821635
Kepler-244,3,1.2,1,37.20994203,3.950829003,5498.2,60,4.532,0.1,0.075,0.04,15.604,0.1,0.936665406,0.032396463
Kepler-1391,1,2.7,1,26.33493949,0.324729665,5781.4,60,4.065,0.1,0.338,0.04,13.852,0.1,0.934363972,0.016153193
Kepler-1071,1,2.8,1,16.887,0.01,5166.7,60,4.656,0.1,0.154,0.04,15.801,0.1,0.932441505,0.042707509
Kepler-1415,1,1.6,1,22.17960017,3.160200385,5200.3,60,4.386,0.1,0.375,0.04,15.744,0.1,0.930225993,0.035652424
Kepler-27,2,2.4,1,14.741,0.011,5263.8,60,4.651,0.1,0.125,0.04,15.855,0.1,0.930143053,0.036018722
Kepler-313,2,3.7,1,19.30498469,8.217423465,5708.6,60,4.18,0.1,0.259,0.04,14.167,0.1,0.926444693,0.075720119
Kepler-299,4,1.9,1,64.39703293,13.81517039,5678.2,60,4.354,0.1,0.12,0.04,15.017,0.1,0.921755169,0.023403986
Kepler-524,2,3.4,1,29.5514625,2.869961171,5838.1,60,4.09,0.1,0.012,0.04,13.928,0.1,0.916170815,0.013230336
Kepler-394,2,2,1,21.12913064,4.186657497,5870.8,60,4.482,0.1,-0.302,0.04,14.79,0.1,0.916012814,0.021314208
Kepler-643,1,3.1,1,15.61804784,1.240511541,4933,60,3.66,0.1,0.246,0.04,13.781,0.1,0.911450392,0.015371395
Kepler-1093,2,11.4,1,20.87772261,5.377095351,6314.3,60,4.259,0.1,-0.142,0.04,13.838,0.1,0.903339504,0.018178001
Kepler-227,2,0.8,1,24.924,2.799,5538.9,60,4.443,0.1,0.102,0.04,15.347,0.1,0.894851912,0.025091021
Kepler-647,1,2.5,1,30.84292857,10.22214905,5914,60,4.176,0.1,-0.298,0.04,13.965,0.1,0.890438771,0.016408842
Kepler-1054,1,4,1,19.69013945,0.257543887,5909.2,60,4.184,0.1,0.346,0.04,14.136,0.1,0.888326558,0.018766809
Kepler-373,2,3,1,26.74201011,9.304507469,5601.6,60,4.469,0.1,0.141,0.04,14.514,0.1,0.888301126,0.018778039
Kepler-1269,1,4.5,1,20.31382513,3.490006023,5937.1,60,4.006,0.1,0.149,0.04,13.611,0.1,0.882619302,0.017343831
Kepler-217,3,15,1,31.42020197,5.725673734,6554.2,60,4.168,0.1,-0.074,0.04,13.294,0.1,0.876459427,0.013527064
Kepler-1440,1,2.4,1,30.47720833,10.05314474,5653.5,60,4.009,0.1,0.217,0.04,14.131,0.1,0.867838383,0.019006906
Kepler-1000,1,17.1,1,7.667962588,0.134157647,6421,60,4.231,0.1,0.102,0.04,13.256,0.1,0.867488554,0.013318622
Kepler-1226,1,5.2,1,14.72816251,0.403975304,6000.1,60,4.18,0.1,0.195,0.04,14.15,0.1,0.860293369,0.030421665
Kepler-67,1,2.7,1,10.464,0.014,5238.4,60,4.709,0.1,0.13,0.04,16.144,0.1,0.857967717,0.050794318
Kepler-1616,1,9.5,1,9.686408481,0.467477656,6153.3,60,4.112,0.1,-0.12,0.04,13.499,0.1,0.850016923,0.013438375
KIC 9653110,0,179,24,3.133,0.004,5800,101,4.11,0.17,0.02,0.18,12.857,0.1,0.849588731,0.02438231
Kepler-485,1,2.1,1,21.20238922,3.113562889,5801.7,60,4.367,0.1,0.194,0.04,14.952,0.1,0.847839833,0.020057443
Kepler-187,2,4.3,1,19.24423662,4.477267529,5996.5,60,4.148,0.1,-0.041,0.04,14.173,0.1,0.846839952,0.024595256
Kepler-1004,1,3.1,1,42.79658977,17.56060022,5007.4,60,3.486,0.1,0.186,0.04,13.427,0.1,0.83938184,0.026622985
KIC 7363238,0,152,25,2.208,0.007,6157,81,4.18,0.12,-0.33,0.15,12.992,0.1,0.838188648,0.016861915
Kepler-315,2,0.6,1,20.39374004,6.564702603,5682.8,60,4.417,0.1,-0.271,0.04,15.321,0.1,0.833682172,0.026064027
Kepler-645,1,8.9,1,25.27296505,1.247004653,6191.5,60,4.283,0.1,-0.055,0.04,13.992,0.1,0.823310937,0.015300558
Kepler-1129,2,3.1,1,10.658,0.024,5707.1,60,4.526,0.1,0.111,0.04,15.28,0.1,0.816732119,0.02972072
Kepler-216,2,7.1,1,10.44639911,0.183464296,6118.7,60,4.189,0.1,-0.072,0.04,13.998,0.1,0.813376222,0.015070778
Kepler-1397,1,8.2,1,10.94884271,13.62556298,6123,60,4.162,0.1,-0.333,0.04,14.089,0.1,0.805976073,0.016797205
Kepler-66,1,4.1,1,10.527,0.011,5785.5,60,4.575,0.1,0.062,0.04,15.2,0.1,0.802988258,0.025558254
Kepler-214,2,6.5,1,8.086081246,0.949008942,6052,60,4.125,0.1,-0.022,0.04,13.949,0.1,0.798679191,0.015537875
Kepler-33,5,4.4,1,21.99234757,3.328346664,5946.9,60,4.053,0.1,0.142,0.04,13.988,0.1,0.798185367,0.015064154
Kepler-1597,1,10,1,8.499525653,1.492695932,6205.1,60,4.239,0.1,-0.126,0.04,14.144,0.1,0.790156789,0.015754733
Kepler-618,1,1,1,32.07715553,0.365554335,5741.5,60,4.277,0.1,-0.042,0.04,14.827,0.1,0.789643804,0.021350174
Kepler-286,4,0,1,16.14801471,4.202357559,5559.2,60,4.462,0.1,-0.253,0.04,15.587,0.1,0.789465508,0.069508931
Kepler-1618,1,10.7,1,11.4221219,2.424725288,6429.6,60,4.189,0.1,-0.063,0.04,13.606,0.1,0.78491642,0.018137973
Kepler-108,2,3.2,1,35.04439188,9.221946239,5680.9,60,3.861,0.1,0.374,0.04,12.654,0.1,0.775371442,0.087697678
Kepler-815,1,2.9,1,19.12410883,4.746976132,5074,60,3.562,0.1,0.125,0.04,13.242,0.1,0.765236029,0.014841415
Kepler-460,2,5.1,1,18.59796722,0.673351492,6054.1,60,4.063,0.1,-0.035,0.04,13.771,0.1,0.756155049,0.017070517
Kepler-335,2,6.5,1,13.77798084,0.111309246,5999.7,60,4.044,0.1,0.341,0.04,13.996,0.1,0.753306092,0.0174672
Kepler-265,4,1.7,1,8.397145775,0.712001347,5870.6,60,4.386,0.1,-0.114,0.04,15.381,0.1,0.752895501,0.027986406
Kepler-1607,1,5.8,1,16.36584956,0.238865608,5987.4,60,3.955,0.1,0.04,0.04,13.897,0.1,0.749419911,0.023292943
Kepler-784,1,4.4,1,16.12929567,6.071796686,5639.5,60,3.801,0.1,0.097,0.04,13.29,0.1,0.738216632,0.012140233
Kepler-929,1,5.6,1,14.53579602,0.381691204,5987.9,60,4.074,0.1,0.179,0.04,14.542,0.1,0.734355166,0.019904058
Kepler-644,1,14.9,1,16.61165197,5.02916042,6540.2,60,4.259,0.1,-0.054,0.04,13.949,0.1,0.730368148,0.021112329
Kepler-1103,1,7.4,1,10.978,0.045,6084.7,60,4.093,0.1,0.073,0.04,14.09,0.1,0.721879611,0.013430929
Kepler-1345,1,7.5,1,21.18972681,2.145626571,6332.8,60,4.095,0.1,-0.16,0.04,13.791,0.1,0.709146212,0.013074394
Kepler-294,2,1.5,1,24.371,0.073,5513.2,60,4.538,0.1,0.109,0.04,15.843,0.1,0.708405856,0.031028626
Kepler-1002,1,7.2,1,6.398,0.002,6119.7,60,4.19,0.1,0.12,0.04,11.704,0.1,0.697864042,0.492794278
Kepler-848,1,3.9,1,12.03345479,4.637742034,5722,60,3.942,0.1,0.19,0.04,14.056,0.1,0.696615657,0.015283065
KIC 7200731,0,204,23,2.99,0.007,6076,153,4.2,0.12,-0.52,0.21,13.518,0.1,0.691617627,0.111851668
Kepler-254,3,0.4,1,24.523,0.114,5503.2,60,4.52,0.1,-0.131,0.04,15.843,0.1,0.691346076,0.036279414
Kepler-302,2,1.7,1,13.63993651,2.430526565,5702.9,60,4.284,0.1,0.158,0.04,15.505,0.1,0.685098737,0.028705417
Kepler-780,1,3.8,1,33.043,0.49,5753.6,60,4.319,0.1,0.103,0.04,13.326,0.1,0.681192001,0.327984786
Kepler-435,1,6.4,1,33.20293904,7.9337727,6237.7,60,4.046,0.1,0.051,0.04,13.643,0.1,0.676165458,0.017433579
KIC 5714912,0,281,25,6.623,0.007,5325,217,4.17,0.3,-0.08,0.21,15.536,0.1,0.670210864,0.12802822
Kepler-385,2,2.8,1,23.38146528,4.544345041,5837.4,60,4.177,0.1,0.006,0.04,15.212,0.1,0.669369174,0.022323177
Kepler-117,2,7.4,1,10.9336106,0.233298179,6085,60,4.143,0.1,0.028,0.04,14.274,0.1,0.658131031,0.017981
Kepler-1068,1,2,1,17.598,0.106,5684.1,60,4.504,0.1,0.185,0.04,15.818,0.1,0.650754889,0.032418285
Kepler-1158,1,7.6,1,22.58394044,1.744915691,6183.9,60,4.033,0.1,-0.12,0.04,13.628,0.1,0.645076474,0.016632847
Kepler-1280,1,9.1,1,10.70158849,0.34841942,6136.6,60,4.087,0.1,-0.113,0.04,14.074,0.1,0.643883387,0.015591167
Kepler-807,1,1.7,1,41.38706976,9.013618456,6026.2,60,4.27,0.1,0.062,0.04,15.128,0.1,0.640982519,0.023634188
Kepler-953,2,3.8,1,18.33989467,0.708695574,5460.4,60,4.005,0.1,0.028,0.04,12.16,0.1,0.639329468,0.036233873
Kepler-758,4,456.7,1,7.735404956,0.779656237,6359.5,60,4.421,0.1,-0.213,0.04,14.348,0.1,0.637163168,0.019217061
Kepler-1428,1,17.3,1,5.464,0.007,6285.2,60,4.017,0.1,0.115,0.04,13.688,0.1,0.624761287,0.016174401
Kepler-603,3,4.6,1,28.19827744,8.610346708,5854.5,60,4.012,0.1,0.34,0.04,14.854,0.1,0.622890503,0.039743903
Kepler-397,2,1.7,1,17.20860969,1.254360919,5315.8,60,4.591,0.1,-0.06,0.04,15.996,0.1,0.611399998,0.112799296
Kepler-458,2,9.3,1,15.01627452,4.701653441,6217.5,60,4.066,0.1,0.248,0.04,13.955,0.1,0.598485673,0.017292419
Kepler-852,1,8.3,1,15.64287154,0.554852233,6236.1,60,4.114,0.1,0.11,0.04,13.949,0.1,0.589091658,0.019150617
Kepler-1563,1,3,1,46.12112643,15.85511907,5650.9,60,4.054,0.1,0.304,0.04,13.583,0.1,0.589017036,0.288426165
Kepler-31,3,112.1,1,9.164866695,3.349698555,6088.2,60,4.149,0.1,-0.094,0.04,15.237,0.1,0.572219296,0.023029129
Kepler-295,3,2.8,1,17.26014111,3.475599852,5253.2,60,3.787,0.1,-0.027,0.04,14.447,0.1,0.559493415,0.024225838
Kepler-529,2,4.9,1,27.584,3.939,5965.6,60,4.451,0.1,-0.169,0.04,13.763,0.1,0.55157832,0.311068913
KIC 7373727,0,218,29,6.917,0.047,5801,88,4.23,0.14,-0.05,0.24,15.099,0.1,0.546899573,0.025600505
Kepler-291,2,2.2,1,25.17937379,3.504793185,5637.2,60,4.226,0.1,0.233,0.04,15.934,0.1,0.530680343,0.033362145
Kepler-223,4,2.2,1,17.8206973,9.352215781,5696.7,60,3.842,0.1,0.105,0.04,15.344,0.1,0.510075975,0.031276836
Kepler-650,1,2.1,1,26.93173938,4.704754657,5848.3,60,4.146,0.1,0.14,0.04,13.684,0.1,0.451472662,0.325998116
Kepler-336,3,5.8,1,10.258,0.06,5888.1,60,4.398,0.1,0.218,0.04,13.598,0.1,0.428901535,0.38035567
Kepler-269,2,2.4,1,16.74223056,3.378575487,5619.4,60,4.065,0.1,0.399,0.04,15.808,0.1,0.413423555,0.03392374
Kepler-476,1,3.1,1,14.83978141,0.95811193,5863.1,60,4.273,0.1,0.216,0.04,13.837,0.1,-7.45496602,1.549089832
Kepler-1347,1,1.6,1,29.46010991,13.17837929,5102.8,60,4.366,0.1,-0.216,0.04,13.38,0.1,nan,nan
Kepler-1620,1,2.5,1,40.22417604,6.623332253,5919.8,60,4.255,0.1,-0.279,0.04,13.658,0.1,nan,nan
KOI-349,0,4.2,1,18.59672069,4.923240407,5751.9,60,4.229,0.1,0.338,0.04,13.586,0.1,nan,nan
Kepler-1248,1,5.8,1,25.15789819,3.131008551,6069.4,60,4.245,0.1,0.188,0.04,12.77,0.1,nan,nan
Kepler-449,2,3.7,1,22.08637336,2.564682804,5632.9,60,4.178,0.1,-0.132,0.04,11.411,0.1,nan,nan
KIC 5127106,0,204,28,33.223,1.792,5304,205,4.2,0.3,-0.33,0.16,11.878,0.1,nan,nan
2MASS J19415041+4912599,0,254,27,14.49,1.17,4256,309,4.35,0.49,-0.24,0.13,13.511,0.1,nan,nan
Kepler-632,1,0.9,1,15.032379,0.865287226,5273.6,60,4.488,0.1,0.138,0.04,13.332,0.1,nan,nan
Kepler-1064,1,1.6,1,15.7871011,0.825287579,5051.1,60,4.525,0.1,-0.122,0.04,13.755,0.1,nan,nan
HD 190655,0,5.3,1,5.007179192,0.518024557,4759.5,60,2.943,0.1,0.196,0.04,9.837,0.1,nan,nan
KOI-4184,0,5,1,30.11072143,0.257148616,4884.6,60,4.565,0.1,-0.025,0.04,13.473,0.1,nan,nan
Kepler-14,1,7.4,1,2.753139387,0.038945555,6500.2,60,4.225,0.1,0.05,0.04,12.128,0.1,nan,nan
Kepler-400,2,4,1,13.409,0.03,5950,60,4.484,0.1,0.098,0.04,13.642,0.1,nan,nan
