Kepler-1651,168,158,2.88,1.51
KIC 4648234,141,99,3.71,1.21
KIC 4381741,235,107,3.97,1.08
KIC 4655612,212,127,2.94,1.08
KIC 4735754,170,117,4.08,0.96
UCAC3 281-150921,183,126,3.74,0.86
KIC 3850643,175,96,3.83,0.82
KIC 4551429,261,117,1.49,0.82
KIC 6364164,222,109,3.4,0.8
KIC 9631366,132,73,4.43,0.75
KIC 8582406,138,93,4.06,0.73
KIC 4818089,282,92,1.6,0.73
2MASS J19272164+3659509,167,107,1.7,0.72
KIC 1866535,157,105,1.79,0.69
KIC 5266549,313,66,2.13,0.68
KIC 3748918,271,134,1.82,0.66
Kepler-210,238,33,3.96,0.65
2MASS J19151823+4452491,229,26,3.64,0.63
KIC 5462650,169,51,2.56,0.63
KIC 1721911,200,145,1.81,0.62
KIC 1026474,260,133,4.48,0.6
KOI-5617,197,33,3.96,0.59
KIC 5469689,134,146,3.72,0.57
KIC 1436140,268,95,4.09,0.56
KIC 6368988,175,107,3.77,0.56
KIC 4750751,133,97,3.69,0.55
KIC 3955797,141,94,3.74,0.53
KIC 2860930,138,89,4.11,0.52
2MASS J19243078+4748082,123,82,1.31,0.51
KIC 4633585,134,98,4.46,0.49
KIC 5879967,137,91,4.46,0.49
2MASS J19415041+4912599,254,27,4.35,0.49
UPM J1928+4801,269,105,1.76,0.49
ROTSE1 J184556.86+471914.4,221,10,3.81,0.48
KIC 9595449,258,43,3.25,0.48
KIC 5888474,120,88,2.8,0.48
KIC 5709582,225,146,2.92,0.46
KIC 6366391,163,110,4.1,0.45
KIC 11152057,218,32,3.37,0.45
KIC 6368104,163,112,3.11,0.45
2MASS J19282996+4901246,213,19,3.48,0.43
KIC 4346809,387,20,0.92,0.43
KIC 3534089,357,67,0.9,0.43
KIC 7708789,235,42,4.41,0.42
KIC 7867091,235,33,3.99,0.42
2MASS J18521482+4103252,204,26,4.13,0.41
LAMOST J192817.82+410412.2,349,73,0.82,0.41
KIC 11455045,230,38,4.35,0.4
KIC 3634755,123,26,3.08,0.4
KIC 2996004,171,50,4.29,0.39
KIC 5470396,252,128,4.15,0.39
ASAS J185911+4815.8,208,25,4.03,0.39
KIC 10936272,212,49,3.06,0.39
KIC 6432245,217,22,4.32,0.38
KIC 3550668,254,114,1.05,0.38
KIC 9913134,211,35,4.47,0.36
KIC 9216773,128,85,4.3,0.36
KIC 5808421,200,122,4.15,0.36
KIC 11714250,337,89,0.82,0.36
KIC 11869338,268,45,4.34,0.35
KIC 4731525,265,115,0.9,0.35
G 205-48,290,120,0.88,0.35
KIC 5708183,225,64,4.5,0.34
2MASS J18544660+4332242,196,27,4.41,0.34
KIC 9723418,222,44,4.28,0.34
SPOCS 2447,287,67,4.17,0.33
KIC 5446908,123,95,4.14,0.33
KIC 4471819,131,73,4.54,0.32
KIC 3853207,124,119,4.36,0.31
KIC 9578842,197,40,4.24,0.31
2MASS J19211336+4151184,172,34,1.71,0.31
KIC 3956991,166,84,4.57,0.3
KOI-5153,142,53,4.55,0.3
KIC 10865206,126,31,4.47,0.3
USNO-A2.0 1275-13153132,215,36,4.46,0.3
KIC 5127106,204,28,4.2,0.3
KIC 5714912,281,25,4.17,0.3
KIC 10117599,154,63,1.72,0.3
KIC 8359398,210,47,4.32,0.29
KIC 8113625,229,51,4.23,0.29
KIC 8802684,195,35,4.23,0.29
KIC 9141060,225,52,4.39,0.28
KIC 6293275,148,109,4.24,0.28
KIC 6287877,121,98,2.49,0.28
KIC 9588430,139,91,1.19,0.28
KIC 3449953,269,124,1,0.28
2MASS J19233258+4458282,195,71,4.49,0.27
KIC 5027063,154,97,4.47,0.27
KOI-2441,294,95,4.45,0.27
KIC 4379301,261,107,4.43,0.27
KIC 9663202,238,34,4.35,0.27
KIC 10487620,211,53,4.31,0.27
KIC 5602310,325,96,0.66,0.27
KIC 5207271,155,124,4.22,0.26
KIC 9905724,242,48,4.33,0.25
KIC 1873543,284,84,1.36,0.25
KOI-2084,223,86,4.58,0.24
KIC 5960966,204,77,4.55,0.24
KIC 4914239,195,163,4.48,0.24
KIC 9269239,231,37,4.31,0.24
KIC 9331032,221,53,4.27,0.24
2MASS J19284396+4112456,200,38,4.25,0.24
KIC 3957292,157,102,4.63,0.23
KIC 4929016,138,81,4.59,0.23
KIC 8098181,188,19,4.56,0.23
KIC 10355273,229,52,4.37,0.23
KIC 10802309,173,31,4.23,0.23
TYC 3138-1861-1,125,114,4.19,0.23
LSPM J1920+4039,214,94,1.16,0.23
KIC 5177193,218,158,4.65,0.22
KIC 9140459,264,29,4.26,0.22
KIC 3957108,204,165,4.09,0.22
KIC 1435229,277,116,4.67,0.21
KIC 1720673,281,83,4.64,0.21
KIC 4728952,248,95,4.63,0.21
KIC 5628536,242,42,4.05,0.21
KIC 6365649,348,39,0.98,0.21
TIC 220459826,6.106487209,2,4.689509609,0.2
TIC 393490869,4.973163488,2,4.670479147,0.2
KIC 5353192,194,79,4.66,0.2
KIC 6035145,216,130,4.66,0.2
KIC 5869314,227,77,4.64,0.2
KIC 5446821,230,119,4.63,0.2
TIC 220392350,6.178953389,2,4.574596992,0.2
TIC 220404357,7.69383335,2,4.479327486,0.2
KIC 8609873,263,37,4.45,0.2
KIC 7826323,217,24,4.3,0.2
KIC 5702872,191,154,4.27,0.2
KIC 6867704,141,53,4.25,0.2
TIC 38572739,5.425988844,1.495679343,4.688144429,0.193873605
KIC 5613039,213,86,4.65,0.19
KIC 3853938,185,151,4.23,0.19
KIC 6221371,126,134,4.22,0.19
KIC 6293204,153,96,4.15,0.19
TYC 3120-376-1,368,33,3.49,0.19
Kepler-415,136,59,4.64,0.18
KIC 11819949,158,52,4.35,0.18
Kepler-564,213,41,4.26,0.18
KIC 6285848,136,92,4.2,0.18
[DCO2008] T-Lyr1-03925,121,26,4.17,0.18
KIC 8552365,233,22,4.15,0.18
KIC 9666621,126,87,4.13,0.18
TYC 3138-728-1,129,99,4.1,0.18
KIC 5446798,400,0,3.93,0.18
KIC 11073910,127,41,4.43,0.17
KIC 9575694,241,38,4.25,0.17
KIC 5966043,154,109,4.21,0.17
KIC 9392349,224,47,4.16,0.17
KIC 3750812,177,76,4.14,0.17
HD 176845,123,157,4.12,0.17
KIC 9653110,179,24,4.11,0.17
TYC 3139-2499-1,144,118,4.55,0.16
KIC 5682521,222,38,4.3,0.16
KIC 10685417,193,37,4.26,0.16
KIC 8245192,138,49,4.24,0.16
KIC 2969347,240,160,4.19,0.16
KIC 5360478,167,111,4.17,0.16
KIC 3649453,133,140,4.16,0.16
KIC 9840159,232,41,4.09,0.16
TYC 3141-3352-1,142,41,4.08,0.16
TYC 3142-1474-1,238,37,4,0.16
KIC 3946894,167,92,1.53,0.16
KIC 1572802,134,79,4.64,0.15
2MASS J19181278+3827081,150,47,4.63,0.15
KIC 5522608,135,116,4.6,0.15
KIC 6390424,194,25,4.31,0.15
KIC 2582166,133,104,4.2,0.15
KIC 8255015,220,39,4.19,0.15
KIC 5359857,179,155,4.18,0.15
KIC 10091543,257,34,4.17,0.15
KIC 5450680,191,141,4.16,0.15
KIC 7299808,174,116,4.15,0.15
BD+42 3451,159,119,4.1,0.15
KIC 8052695,124,86,4.07,0.15
TYC 3565-674-1,131,91,4,0.15
KIC 8126371,158,44,4,0.15
KIC 8364412,172,37,3.99,0.15
KIC 4764008,259,92,3.95,0.15
TYC 3140-568-1,172,88,3.94,0.15
KIC 11825198,241,166,3.87,0.15
HD 180374,125,125,3.79,0.15
KIC 10961247,151,77,1.6,0.15
KIC 5088644,174,122,4.6,0.14
KOI-2490,126,37,4.59,0.14
KIC 4636482,139,49,4.58,0.14
KIC 10026977,204,37,4.25,0.14
KIC 9906689,231,36,4.24,0.14
KIC 4566878,141,101,4.23,0.14
KIC 10545098,142,50,4.23,0.14
KIC 7373727,218,29,4.23,0.14
KIC 5767489,221,55,4.22,0.14
KIC 11240278,127,19,4.21,0.14
KIC 5467710,134,139,4.19,0.14
KIC 5966824,271,93,4.19,0.14
KIC 6365943,129,88,4.19,0.14
KIC 4372213,259,24,4.15,0.14
KIC 11455028,173,34,4.15,0.14
KIC 2984505,167,36,4.13,0.14
KIC 9111033,217,55,4.12,0.14
KIC 2859701,191,71,4.11,0.14
KIC 11517934,173,25,4.1,0.14
TYC 3138-941-1,380,28,4.08,0.14
KIC 6619469,235,111,4.08,0.14
TYC 3138-1184-1,165,66,4.08,0.14
KIC 6131060,170,133,4.07,0.14
KIC 6525026,147,91,4.07,0.14
KIC 5531657,124,70,4.06,0.14
KIC 11145063,184,36,4.06,0.14
KIC 10427093,176,35,4,0.14
TYC 3144-2192-1,353,62,3.99,0.14
KIC 6367159,149,67,3.99,0.14
KIC 8908544,124,82,3.98,0.14
KIC 8838620,136,49,3.96,0.14
KIC 5567711,159,101,3.95,0.14
TYC 3136-1401-1,127,80,3.94,0.14
TYC 3146-802-1,163,125,3.94,0.14
TYC 3148-1801-1,152,57,3.94,0.14
TYC 3560-3023-1,250,30,3.92,0.14
TYC 3136-301-1,190,54,3.85,0.14
KIC 10004660,229,48,3.81,0.14
KIC 10965642,132,61,4.61,0.13
2MASS J19271898+3708261,235,114,4.6,0.13
KIC 6611650,121,141,4.6,0.13
KIC 11128748,164,74,4.58,0.13
TYC 3541-331-1,122,24,4.23,0.13
KIC 5773914,221,137,4.23,0.13
KIC 6700200,250,34,4.21,0.13
KIC 5530330,152,127,4.17,0.13
KIC 5723318,149,156,4.16,0.13
KIC 5551661,122,122,4.14,0.13
KIC 4390899,126,93,4.14,0.13
KIC 4356114,159,159,4.14,0.13
KIC 9173541,153,46,4.12,0.13
TYC 3557-428-1,246,72,4.11,0.13
KIC 9238276,122,108,4.11,0.13
KIC 7979499,276,67,4.11,0.13
KIC 5868105,199,137,4.11,0.13
KIC 5165870,163,29,4.1,0.13
KIC 5121003,210,133,4.1,0.13
KIC 4568936,180,54,4.1,0.13
KIC 1160891,160,76,4.1,0.13
SPOCS 2457,194,53,4.1,0.13
TYC 2666-234-1,154,111,4.08,0.13
KIC 8974429,125,29,4.08,0.13
KIC 10360294,158,44,4.06,0.13
KIC 10080943,129,70,4.05,0.13
KIC 6445601,187,64,4.05,0.13
TYC 3554-447-1,164,43,4.04,0.13
KIC 6064237,270,74,4.04,0.13
KIC 5300719,184,55,4.02,0.13
KIC 5477601,123,81,4,0.13
TYC 3543-2942-1,144,108,3.96,0.13
KIC 10489286,150,36,3.92,0.13
KIC 9206046,200,104,3.92,0.13
TYC 2666-407-1,310,82,3.89,0.13
2MASS J19552478+4704580,142,108,3.88,0.13
KIC 4772421,163,63,3.87,0.13
KIC 5977646,213,152,3.82,0.13
TIC 220456530,5.901582886,0.597404394,4.722625351,0.125211387
KIC 3736208,167,120,4.63,0.12
KIC 2301872,136,88,4.63,0.12
KIC 5716073,232,67,4.62,0.12
KIC 4994641,193,98,4.62,0.12
KIC 4907633,142,41,4.61,0.12
2MASS J19315821+4220346,213,101,4.61,0.12
KIC 4751196,137,59,4.26,0.12
KIC 4261467,139,129,4.25,0.12
TYC 3554-514-1,139,24,4.25,0.12
KIC 4379451,311,82,4.21,0.12
KIC 7200731,204,23,4.2,0.12
2MASS J19522123+4508258,218,112,4.18,0.12
KIC 7363238,152,25,4.18,0.12
KIC 3242039,131,40,4.16,0.12
TYC 3134-1817-1,195,46,4.15,0.12
KIC 5637994,194,74,4.15,0.12
KIC 8803979,244,59,4.15,0.12
KIC 6204529,149,98,4.15,0.12
KIC 8125652,238,101,4.15,0.12
KIC 5792658,124,40,4.14,0.12
KIC 9299986,181,77,4.14,0.12
KIC 5552761,258,163,4.13,0.12
KIC 6865518,127,85,4.13,0.12
BD+45 2977,145,33,4.13,0.12
KIC 9606336,158,53,4.13,0.12
KIC 4382700,236,47,4.12,0.12
KIC 6447258,122,93,4.12,0.12
KIC 9787117,248,39,4.12,0.12
TYC 3557-434-1,153,48,4.11,0.12
KIC 10936621,180,34,4.11,0.12
KIC 7134626,216,43,4.11,0.12
KIC 6720541,213,45,4.1,0.12
KIC 5297474,122,80,4.09,0.12
KIC 1867630,128,101,4.07,0.12
TYC 3139-291-1,123,107,4.06,0.12
HD 234824,182,79,4.01,0.12
HD 225531,145,91,3.96,0.12
HD 225905,226,63,3.94,0.12
TYC 3149-1782-1,250,64,3.93,0.12
NGC 6866 10,130,103,3.93,0.12
BD+46 2791,169,151,3.92,0.12
BD+39 3926,135,101,3.92,0.12
HD 182192,239,71,3.91,0.12
KOI-3198,156,145,3.91,0.12
HD 226556,140,116,3.9,0.12
TYC 3556-3291-1,189,29,3.89,0.12
HD 225948,126,34,3.89,0.12
HD 188910,139,110,3.89,0.12
TYC 3131-1204-1,151,119,3.89,0.12
KOI-6527,152,54,3.87,0.12
HD 181491,149,100,3.87,0.12
TYC 3565-525-1,224,103,3.87,0.12
HD 226295,136,100,3.86,0.12
KOI-7395,132,106,3.86,0.12
KOI-3818,157,124,3.85,0.12
TYC 3144-1309-1,145,103,3.83,0.12
TYC 3135-184-1,175,69,3.81,0.12
TYC 3561-1295-1,135,134,3.77,0.12
TYC 3565-98-1,245,50,3.75,0.12
[DCO2008] T-Lyr1-02438,229,40,4.22,0.11
KOI-5293,150,42,4.18,0.11
KIC 5808439,132,51,4.18,0.11
KIC 1722735,256,122,4.17,0.11
KIC 4375925,154,37,4.17,0.11
TYC 3125-3740-1,120,32,4.15,0.11
ROTSE1 J190922.30+381930.4,313,32,4.15,0.11
KIC 4149420,123,110,4.15,0.11
KIC 9174536,169,58,4.15,0.11
KIC 4649238,139,107,4.14,0.11
TYC 3146-1441-1,277,86,4.13,0.11
KIC 6549623,245,31,4.13,0.11
TYC 3148-1402-1,229,27,4.12,0.11
KIC 12167275,275,38,4.12,0.11
KIC 6523259,142,96,4.12,0.11
TYC 3146-191-1,191,75,4.12,0.11
TYC 3139-1545-1,135,47,4.11,0.11
2MASS J19341016+3846566,139,60,4.1,0.11
KIC 4658442,174,35,4.02,0.11
KOI-7263,236,111,3.9,0.11
BD+40 3639,201,58,3.87,0.11
HD 225785,187,62,3.84,0.11
TYC 3142-25-1,179,69,3.84,0.11
TYC 3544-2446-1,174,94,3.84,0.11
Kepler-436,3.2,1,4.794,0.1
KOI-3283,3.4,1,4.745,0.1
Kepler-153,0.3,1,4.743,0.1
Kepler-165,1.3,1,4.742,0.1
Kepler-325,2.9,1,4.735,0.1
KOI-6971,1.7,1,4.733,0.1
Kepler-242,3,1,4.728,0.1
Kepler-954,4.3,1,4.725,0.1
Kepler-523,4.7,1,4.72,0.1
KOI-2733,3.7,1,4.718,0.1
Kepler-290,2.4,1,4.714,0.1
Kepler-1090,2.2,1,4.714,0.1
Kepler-263,2.1,1,4.71,0.1
Kepler-67,2.7,1,4.709,0.1
Kepler-352,3,1,4.707,0.1
Kepler-304,3.5,1,4.704,0.1
Kepler-1521,4.9,1,4.703,0.1
Kepler-1313,6.8,1,4.703,0.1
Kepler-716,2.6,1,4.703,0.1
Kepler-543,3.2,1,4.701,0.1
Kepler-367,3.2,1,4.701,0.1
KOI-2290,1.7,1,4.701,0.1
Kepler-859,2.7,1,4.7,0.1
Kepler-51,5.5,1,4.697,0.1
Kepler-1164,3.1,1,4.696,0.1
Kepler-159,4.4,1,4.695,0.1
Kepler-185,1.2,1,4.694,0.1
KOI-3167,3.4,1,4.693,0.1
Kepler-828,1.3,1,4.693,0.1
Kepler-78,2,1,4.691,0.1
KOI-1477,2.4,1,4.689,0.1
Kepler-191,1.8,1,4.688,0.1
Kepler-964,4.5,1,4.687,0.1
Kepler-261,3.3,1,4.687,0.1
Kepler-411,3.8,1,4.687,0.1
KOI-3864,4.4,1,4.686,0.1
Kepler-447,6.9,1,4.686,0.1
Kepler-949,2.5,1,4.685,0.1
Kepler-339,1.8,1,4.684,0.1
Kepler-1266,1.4,1,4.68,0.1
KOI-4004,6.9,1,4.679,0.1
Kepler-158,2.6,1,4.679,0.1
Kepler-962,3.3,1,4.679,0.1
Kepler-63,4.8,1,4.678,0.1
Kepler-1512,4.6,1,4.678,0.1
Kepler-229,2.1,1,4.678,0.1
Kepler-221,4.5,1,4.677,0.1
Kepler-532,2.4,1,4.676,0.1
KOI-1803,2.8,1,4.675,0.1
Kepler-1552,2.5,1,4.674,0.1
KOI-4399,1.8,1,4.674,0.1
Kepler-985,1.9,1,4.672,0.1
Kepler-245,3.1,1,4.671,0.1
Kepler-1066,6,1,4.67,0.1
Kepler-326,4.7,1,4.669,0.1
Kepler-971,7.1,1,4.665,0.1
KOI-2690,3.7,1,4.664,0.1
Kepler-30,2.3,1,4.662,0.1
Kepler-332,1.3,1,4.66,0.1
KOI-3239,5.7,1,4.659,0.1
KOI-3936,5.8,1,4.658,0.1
Kepler-519,2.6,1,4.657,0.1
Kepler-1071,2.8,1,4.656,0.1
Kepler-1389,2.2,1,4.655,0.1
Kepler-389,0.9,1,4.655,0.1
Kepler-1359,3.2,1,4.651,0.1
Kepler-1001,2.1,1,4.651,0.1
Kepler-27,2.4,1,4.651,0.1
KOI-1590,2.9,1,4.65,0.1
KOI-3473,5.3,1,4.65,0.1
Kepler-319,3.4,1,4.648,0.1
Kepler-322,2.5,1,4.646,0.1
Kepler-1558,3.7,1,4.645,0.1
KOI-4098,3.3,1,4.645,0.1
KOI-2001,3.1,1,4.643,0.1
KOI-2037,4,1,4.643,0.1
KOI-2469,1.7,1,4.642,0.1
Kepler-195,0.4,1,4.641,0.1
Kepler-1566,0.9,1,4.64,0.1
Kepler-190,1.7,1,4.639,0.1
Kepler-1446,3.8,1,4.638,0.1
Kepler-960,2.5,1,4.638,0.1
KOI-1985,2.7,1,4.638,0.1
KOI-3876,9.9,1,4.637,0.1
Kepler-961,2.4,1,4.637,0.1
KOI-2474,2,1,4.637,0.1
KOI-3130,1.6,1,4.635,0.1
Kepler-1179,1,1,4.635,0.1
KOI-2393,1.1,1,4.633,0.1
Kepler-1312,7.7,1,4.632,0.1
Kepler-969,2.9,1,4.632,0.1
Kepler-1264,1.1,1,4.631,0.1
Kepler-992,2.8,1,4.63,0.1
Kepler-211,2.8,1,4.63,0.1
KOI-2250,2.8,1,4.63,0.1
KOI-2120,2.7,1,4.628,0.1
KOI-2763,2.9,1,4.624,0.1
Kepler-1576,6.4,1,4.624,0.1
Kepler-1055,3.9,1,4.624,0.1
Kepler-404,1.1,1,4.623,0.1
Kepler-102,0.7,1,4.622,0.1
Kepler-958,2.1,1,4.621,0.1
Kepler-1458,2.3,1,4.621,0.1
Kepler-1409,3.4,1,4.621,0.1
Kepler-531,0.9,1,4.619,0.1
Kepler-1499,3.4,1,4.619,0.1
KOI-3991,6.6,1,4.619,0.1
KOI-4430,2.2,1,4.619,0.1
Kepler-1027,3.5,1,4.618,0.1
Kepler-725,2.2,1,4.618,0.1
KOI-2686,2.6,1,4.617,0.1
KOI-3871,3.3,1,4.616,0.1
KOI-4054,1.7,1,4.615,0.1
Kepler-230,0.6,1,4.614,0.1
KOI-6927,1.9,1,4.613,0.1
Kepler-1067,2.3,1,4.613,0.1
KOI-5702,2.9,1,4.613,0.1
KOI-1619,2.7,1,4.612,0.1
Kepler-1008,2.7,1,4.612,0.1
KOI-704,1.8,1,4.612,0.1
KOI-315,1.8,1,4.611,0.1
Kepler-629,0.6,1,4.608,0.1
Kepler-198,3.1,1,4.608,0.1
Kepler-152,1.7,1,4.608,0.1
KOI-2875,2.1,1,4.608,0.1
KOI-5269,1.7,1,4.608,0.1
KOI-4841,2.7,1,4.606,0.1
KOI-4018,1.8,1,4.606,0.1
Kepler-1544,2.9,1,4.606,0.1
Kepler-169,2.7,1,4.604,0.1
Kepler-1593,3.9,1,4.604,0.1
KOI-3052,3.4,1,4.603,0.1
Kepler-285,0.5,1,4.603,0.1
KOI-2396,1.4,1,4.6,0.1
Kepler-224,2.8,1,4.6,0.1
Kepler-1232,1.3,1,4.599,0.1
Kepler-539,3,1,4.597,0.1
Kepler-845,2.3,1,4.597,0.1
KOI-4978,1.9,1,4.597,0.1
Kepler-289,5.8,1,4.596,0.1
Kepler-619,4.2,1,4.596,0.1
Kepler-1052,3.3,1,4.595,0.1
KOI-5198,0.8,1,4.595,0.1
Kepler-1107,3.6,1,4.594,0.1
Kepler-62,0.6,1,4.593,0.1
KOI-4746,4.6,1,4.592,0.1
Kepler-973,2,1,4.592,0.1
KOI-5790,2.1,1,4.591,0.1
KOI-5888,1,1,4.591,0.1
Kepler-397,1.7,1,4.591,0.1
Kepler-743,0.6,1,4.59,0.1
Kepler-1571,3.1,1,4.59,0.1
Kepler-360,3.7,1,4.589,0.1
KOI-7599,2.2,1,4.589,0.1
BD+44 3020,0,1,4.588,0.1
Kepler-28,3.8,1,4.588,0.1
KOI-4469,1.9,1,4.587,0.1
Kepler-1222,1.5,1,4.587,0.1
Kepler-46,1.3,1,4.587,0.1
Kepler-80,3.5,1,4.586,0.1
KOI-1944,3.2,1,4.585,0.1
Kepler-349,6.3,1,4.585,0.1
Kepler-549,1.3,1,4.584,0.1
KOI-4002,2.9,1,4.584,0.1
Kepler-652,0.6,1,4.583,0.1
Kepler-246,2.4,1,4.583,0.1
KOI-4070,1.9,1,4.582,0.1
KOI-5039,1.7,1,4.581,0.1
Kepler-484,0.8,1,4.581,0.1
KOI-1856,1.9,1,4.581,0.1
Kepler-150,1.8,1,4.58,0.1
Kepler-202,1.6,1,4.58,0.1
KOI-1861,7.7,1,4.579,0.1
KOI-3224,2.6,1,4.577,0.1
Kepler-176,1.4,1,4.577,0.1
Kepler-220,3.1,1,4.576,0.1
Kepler-755,2.1,1,4.576,0.1
Kepler-189,1.8,1,4.576,0.1
Kepler-66,4.1,1,4.575,0.1
Kepler-1197,3.9,1,4.574,0.1
KOI-5877,0.5,1,4.573,0.1
KOI-2248,2.9,1,4.572,0.1
Kepler-239,1.7,1,4.571,0.1
Kepler-1444,4.9,1,4.571,0.1
KOI-4651,2.7,1,4.571,0.1
Kepler-305,2,1,4.568,0.1
Kepler-421,1.4,1,4.568,0.1
Kepler-414,1.9,1,4.568,0.1
Kepler-1039,3,1,4.567,0.1
KOI-2879,1.8,1,4.567,0.1
Kepler-1310,1.1,1,4.566,0.1
Kepler-396,3.6,1,4.566,0.1
Kepler-1332,1,1,4.566,0.1
Kepler-1541,3.8,1,4.565,0.1
KOI-4184,5,1,4.565,0.1
Kepler-84,4.5,1,4.563,0.1
Kepler-479,0.6,1,4.563,0.1
Kepler-477,0.9,1,4.563,0.1
KOI-712,1.4,1,4.562,0.1
KOI-3422,5.2,1,4.561,0.1
Kepler-443,2.2,1,4.561,0.1
Kepler-1507,2.8,1,4.56,0.1
Kepler-318,7,1,4.558,0.1
Kepler-1482,1.9,1,4.558,0.1
KOI-3086,0.8,1,4.558,0.1
KOI-3065,2.8,1,4.557,0.1
KOI-4296,0.9,1,4.557,0.1
Kepler-57,1.6,1,4.557,0.1
Kepler-518,1.5,1,4.556,0.1
KOI-3278,3.6,1,4.555,0.1
Kepler-222,4.2,1,4.555,0.1
Kepler-215,0.6,1,4.554,0.1
KOI-3823,1.5,1,4.553,0.1
Kepler-1036,2.3,1,4.553,0.1
Kepler-85,2.1,1,4.553,0.1
Kepler-99,0.9,1,4.551,0.1
Kepler-585,2.8,1,4.551,0.1
KOI-2522,2.5,1,4.55,0.1
Kepler-533,2.6,1,4.549,0.1
Kepler-1114,1.4,1,4.549,0.1
Kepler-1604,1.8,1,4.549,0.1
KOI-5792,2.3,1,4.547,0.1
KOI-3087,0.9,1,4.547,0.1
Kepler-196,1.7,1,4.547,0.1
KOI-4961,2.8,1,4.547,0.1
KOI-4613,0.8,1,4.546,0.1
KOI-4366,0.4,1,4.545,0.1
Kepler-161,2.4,1,4.544,0.1
Kepler-346,1.1,1,4.544,0.1
KOI-3225,2.3,1,4.542,0.1
Kepler-98,0.2,1,4.542,0.1
Kepler-646,0.5,1,4.542,0.1
Kepler-530,0,1,4.542,0.1
Kepler-1130,0.3,1,4.54,0.1
KOI-3117,1.8,1,4.54,0.1
KOI-2916,1.8,1,4.539,0.1
KOI-4774,1.5,1,4.538,0.1
KOI-2538,6.5,1,4.538,0.1
Kepler-141,1.9,1,4.538,0.1
Kepler-181,2,1,4.538,0.1
Kepler-294,1.5,1,4.538,0.1
KOI-103,0.2,1,4.536,0.1
KOI-5135,3.1,1,4.535,0.1
Kepler-156,2.6,1,4.535,0.1
KOI-8,3,1,4.535,0.1
Kepler-17,4.5,1,4.534,0.1
KOI-2219,1.7,1,4.533,0.1
Kepler-786,2.3,1,4.532,0.1
Kepler-174,2.1,1,4.532,0.1
Kepler-244,1.2,1,4.532,0.1
KOI-2295,4.1,1,4.531,0.1
Kepler-1173,1.9,1,4.53,0.1
Kepler-293,0.7,1,4.53,0.1
Kepler-1277,1.3,1,4.528,0.1
Kepler-1012,2.7,1,4.527,0.1
KOI-650,0.8,1,4.526,0.1
Kepler-1129,3.1,1,4.526,0.1
KOI-4251,1.8,1,4.525,0.1
Kepler-1064,1.6,1,4.525,0.1
Kepler-607,1.4,1,4.522,0.1
Kepler-808,2.4,1,4.521,0.1
Kepler-271,0.6,1,4.521,0.1
Kepler-478,1.7,1,4.521,0.1
Kepler-260,2.1,1,4.52,0.1
Kepler-1361,1.5,1,4.52,0.1
Kepler-254,0.4,1,4.52,0.1
Kepler-378,3.4,1,4.518,0.1
KOI-3075,0.1,1,4.517,0.1
KOI-7605,3.9,1,4.517,0.1
Kepler-1061,4.5,1,4.516,0.1
KOI-3179,2.3,1,4.515,0.1
Kepler-1228,2.1,1,4.515,0.1
Kepler-1598,2.7,1,4.515,0.1
Kepler-330,1.1,1,4.515,0.1
KOI-5216,0.8,1,4.515,0.1
KOI-2687,2.3,1,4.514,0.1
KOI-2503,2.1,1,4.514,0.1
Kepler-905,1.6,1,4.514,0.1
Kepler-297,1.3,1,4.514,0.1
Kepler-22,0,1,4.513,0.1
Kepler-651,0.3,1,4.513,0.1
Kepler-1139,2.5,1,4.512,0.1
Kepler-744,1.6,1,4.512,0.1
Kepler-243,2.4,1,4.511,0.1
Kepler-399,1.5,1,4.51,0.1
KOI-4129,1.7,1,4.51,0.1
Kepler-775,0.7,1,4.51,0.1
Kepler-888,0.4,1,4.51,0.1
Kepler-171,1.5,1,4.509,0.1
Kepler-1371,1.5,1,4.507,0.1
Kepler-259,1.2,1,4.507,0.1
KOI-2925,1.4,1,4.506,0.1
Kepler-489,1.9,1,4.505,0.1
Kepler-475,1.3,1,4.505,0.1
Kepler-1505,8,1,4.505,0.1
Kepler-96,0.2,1,4.504,0.1
Kepler-1227,1.5,1,4.504,0.1
Kepler-1068,2,1,4.504,0.1
Kepler-114,3.1,1,4.503,0.1
Kepler-179,1.8,1,4.503,0.1
KOI-2657,0.8,1,4.503,0.1
KOI-2571,6.1,1,4.502,0.1
Kepler-601,0.6,1,4.5,0.1
Kepler-1046,4.8,1,4.499,0.1
Kepler-199,1.4,1,4.498,0.1
BD+47 2936,3.2,1,4.498,0.1
Kepler-1560,3.5,1,4.497,0.1
KOI-5546,5,1,4.497,0.1
KOI-3358,2.6,1,4.496,0.1
Kepler-1017,2,1,4.495,0.1
Kepler-137,0.1,1,4.495,0.1
Kepler-956,3.3,1,4.495,0.1
Kepler-1156,0.8,1,4.495,0.1
Kepler-626,0.6,1,4.494,0.1
Kepler-886,0.9,1,4.494,0.1
KOI-5085,0.9,1,4.493,0.1
Kepler-783,1,1,4.493,0.1
Kepler-984,1.3,1,4.492,0.1
KOI-4725,2.8,1,4.491,0.1
Kepler-134,2,1,4.491,0.1
KOI-399,6.4,1,4.491,0.1
Kepler-1081,1.7,1,4.489,0.1
Kepler-908,7.9,1,4.488,0.1
Kepler-538,0,1,4.488,0.1
Kepler-112,0.8,1,4.488,0.1
Kepler-605,1.3,1,4.488,0.1
Kepler-632,0.9,1,4.488,0.1
Kepler-1393,2.3,1,4.486,0.1
KOI-2410,1,1,4.486,0.1
Kepler-75,3.1,1,4.485,0.1
Kepler-19,0,1,4.485,0.1
KOI-1796,4.3,1,4.485,0.1
Kepler-561,1.6,1,4.485,0.1
Kepler-472,2.9,1,4.484,0.1
Kepler-942,2.9,1,4.484,0.1
Kepler-1443,11.6,1,4.484,0.1
Kepler-312,10.4,1,4.484,0.1
Kepler-400,4,1,4.484,0.1
Kepler-237,2,1,4.483,0.1
Kepler-209,0.6,1,4.482,0.1
Kepler-394,2,1,4.482,0.1
KOI-4717,0.3,1,4.481,0.1
KOI-3017,0.7,1,4.481,0.1
KOI-6734,2.1,1,4.481,0.1
KOI-3232,3.8,1,4.48,0.1
KOI-4657,0.5,1,4.48,0.1
Kepler-390,1.8,1,4.48,0.1
Kepler-426,0.1,1,4.48,0.1
Kepler-113,2.2,1,4.479,0.1
Kepler-1117,2.3,1,4.479,0.1
Kepler-536,1.6,1,4.478,0.1
KOI-328,2.3,1,4.477,0.1
Kepler-200,1.3,1,4.476,0.1
Kepler-1040,2.2,1,4.475,0.1
Kepler-247,1.6,1,4.475,0.1
KOI-2896,14.9,1,4.473,0.1
Kepler-9,1.1,1,4.473,0.1
Kepler-1466,0.2,1,4.473,0.1
Kepler-58,2.1,1,4.472,0.1
KOI-373,1.3,1,4.472,0.1
Kepler-649,0,1,4.47,0.1
KOI-5855,1.4,1,4.47,0.1
KOI-1964,2.4,1,4.469,0.1
Kepler-20,0,1,4.469,0.1
Kepler-373,3,1,4.469,0.1
Kepler-324,2.1,1,4.468,0.1
Kepler-487,1,1,4.468,0.1
KOI-3880,14.3,1,4.467,0.1
Kepler-542,0.4,1,4.467,0.1
KOI-3201,0.9,1,4.466,0.1
Kepler-642,12.7,1,4.466,0.1
Kepler-251,1.7,1,4.466,0.1
KOI-2874,1.5,1,4.465,0.1
KOI-4659,1.3,1,4.464,0.1
KOI-4109,2.5,1,4.464,0.1
Kepler-760,1.8,1,4.463,0.1
KOI-2581,2.1,1,4.462,0.1
Kepler-882,1.5,1,4.462,0.1
Kepler-286,0,1,4.462,0.1
KOI-1738,2.3,1,4.461,0.1
Kepler-598,1,1,4.459,0.1
Kepler-48,0.3,1,4.459,0.1
Kepler-439,1.7,1,4.459,0.1
Kepler-597,1.7,1,4.455,0.1
Kepler-301,1.5,1,4.455,0.1
Kepler-97,0,1,4.454,0.1
KOI-350,1.4,1,4.454,0.1
Kepler-1513,1.5,1,4.453,0.1
Kepler-124,1.3,1,4.453,0.1
BD+41 3306,0.5,1,4.452,0.1
KOI-3208,2.5,1,4.451,0.1
Kepler-520,5.4,1,4.451,0.1
Kepler-529,4.9,1,4.451,0.1
KOI-1822,4.5,1,4.45,0.1
Kepler-314,2.7,1,4.449,0.1
Kepler-86,2,1,4.449,0.1
Kepler-906,2.7,1,4.448,0.1
Kepler-1088,3.6,1,4.448,0.1
KOI-4188,4.2,1,4.447,0.1
KOI-2915,0.8,1,4.446,0.1
Kepler-1315,2.4,1,4.446,0.1
Kepler-416,2.6,1,4.445,0.1
Kepler-1424,0.9,1,4.444,0.1
KOI-1808,6.7,1,4.444,0.1
KOI-2755,2.2,1,4.443,0.1
Kepler-131,0.3,1,4.443,0.1
Kepler-227,0.8,1,4.443,0.1
Kepler-334,2.4,1,4.442,0.1
KOI-3021,2.9,1,4.441,0.1
KOI-4582,2.1,1,4.441,0.1
Kepler-1559,2,1,4.44,0.1
KOI-4374,1.3,1,4.439,0.1
KOI-2771,4.2,1,4.438,0.1
Kepler-1523,1.5,1,4.437,0.1
Kepler-922,0.3,1,4.436,0.1
KOI-3787,1.1,1,4.436,0.1
Kepler-173,3.6,1,4.434,0.1
Kepler-204,2.6,1,4.432,0.1
Kepler-1600,1.5,1,4.431,0.1
KOI-3197,7.4,1,4.43,0.1
Kepler-556,0.8,1,4.429,0.1
KOI-1145,4.1,1,4.429,0.1
BD+46 2726,2.4,1,4.427,0.1
KOI-635,6,1,4.426,0.1
Kepler-537,0.7,1,4.426,0.1
Kepler-306,2.2,1,4.425,0.1
KOI-2159,2.4,1,4.425,0.1
KOI-4480,1.4,1,4.425,0.1
KOI-3907,18.4,1,4.424,0.1
KOI-2607,3.1,1,4.423,0.1
Kepler-1341,2.5,1,4.423,0.1
Kepler-1050,2.5,1,4.422,0.1
KOI-1857,2.8,1,4.422,0.1
Kepler-569,0.7,1,4.421,0.1
Kepler-758,456.7,1,4.421,0.1
Kepler-257,2,1,4.42,0.1
KOI-99,0.4,1,4.419,0.1
KOI-141,3,1,4.419,0.1
Kepler-18,0,1,4.417,0.1
Kepler-527,8.3,1,4.417,0.1
Kepler-315,0.6,1,4.417,0.1
Kepler-88,0,1,4.416,0.1
Kepler-307,2,1,4.416,0.1
Kepler-149,1.2,1,4.416,0.1
KOI-3382,0.9,1,4.416,0.1
KOI-1863,4.7,1,4.415,0.1
Kepler-193,3.7,1,4.415,0.1
BD+38 3583,0,1,4.414,0.1
Kepler-132,3.5,1,4.414,0.1
Kepler-648,1.6,1,4.414,0.1
Kepler-1194,1.8,1,4.413,0.1
Kepler-482,2.2,1,4.413,0.1
KOI-3023,6.9,1,4.413,0.1
KOI-4792,2.7,1,4.413,0.1
KOI-1466,2.8,1,4.412,0.1
Kepler-656,1.7,1,4.412,0.1
Kepler-146,3.6,1,4.41,0.1
KOI-4850,1.4,1,4.41,0.1
Kepler-1655,3,1,4.409,0.1
KOI-3233,1.7,1,4.408,0.1
Kepler-203,2.8,1,4.407,0.1
KOI-1928,2.9,1,4.405,0.1
KOI-2636,3,1,4.404,0.1
Kepler-272,2.7,1,4.404,0.1
Kepler-105,2.9,1,4.402,0.1
Kepler-1340,3.1,1,4.401,0.1
Kepler-1,1.3,1,4.4,0.1
Kepler-640,1.8,1,4.4,0.1
KOI-3218,3.9,1,4.399,0.1
KOI-2583,0.4,1,4.398,0.1
Kepler-336,5.8,1,4.398,0.1
Kepler-746,1.7,1,4.397,0.1
Kepler-164,3.3,1,4.397,0.1
KOI-92,2.7,1,4.394,0.1
Kepler-321,2.9,1,4.393,0.1
Kepler-1100,2.6,1,4.393,0.1
KOI-1276,1.4,1,4.393,0.1
KOI-2370,19.1,1,4.391,0.1
Kepler-1087,1.6,1,4.391,0.1
KOI-3451,3.1,1,4.391,0.1
KOI-687,4.5,1,4.389,0.1
Kepler-553,2.4,1,4.389,0.1
Kepler-884,3.1,1,4.386,0.1
Kepler-1415,1.6,1,4.386,0.1
Kepler-265,1.7,1,4.386,0.1
Kepler-978,6.1,1,4.385,0.1
KOI-4053,4.4,1,4.384,0.1
KOI-1666,14.2,1,4.384,0.1
Kepler-392,1.8,1,4.384,0.1
Kepler-1339,3.2,1,4.382,0.1
Kepler-1327,1.5,1,4.382,0.1
Kepler-545,1.7,1,4.381,0.1
Kepler-858,0.7,1,4.381,0.1
Kepler-402,6.3,1,4.381,0.1
KOI-2833,5,1,4.38,0.1
Kepler-240,2.8,1,4.379,0.1
KOI-177,1.9,1,4.379,0.1
Kepler-94,1.3,1,4.378,0.1
Kepler-986,1.8,1,4.378,0.1
Kepler-348,15.2,1,4.377,0.1
KOI-2741,0.8,1,4.376,0.1
Kepler-463,0,1,4.376,0.1
KOI-1209,1.5,1,4.375,0.1
KOI-2970,5.1,1,4.374,0.1
Kepler-1656,2.8,1,4.374,0.1
Kepler-831,1.6,1,4.374,0.1
KOI-1431,0.3,1,4.373,0.1
KOI-1311,2.2,1,4.373,0.1
Kepler-418,2.5,1,4.372,0.1
Kepler-77,2,1,4.372,0.1
Kepler-990,1.5,1,4.372,0.1
Kepler-82,2.4,1,4.372,0.1
KOI-2083,5.6,1,4.372,0.1
Kepler-975,2.8,1,4.371,0.1
KOI-308,10,1,4.371,0.1
KOI-1239,1.5,1,4.37,0.1
KOI-2009,1.3,1,4.369,0.1
Kepler-637,8.8,1,4.369,0.1
Kepler-1070,5.3,1,4.368,0.1
Kepler-115,3.5,1,4.367,0.1
Kepler-554,1.7,1,4.367,0.1
Kepler-485,2.1,1,4.367,0.1
Kepler-517,1.3,1,4.366,0.1
Kepler-188,2.1,1,4.366,0.1
Kepler-1347,1.6,1,4.366,0.1
Kepler-104,0,1,4.365,0.1
KOI-760,1.2,1,4.364,0.1
KOI-2093,3.4,1,4.364,0.1
Kepler-192,1.3,1,4.362,0.1
KOI-2547,2.2,1,4.361,0.1
Kepler-106,0.6,1,4.361,0.1
KOI-1169,0.2,1,4.36,0.1
KOI-1754,6.9,1,4.36,0.1
Kepler-512,4.4,1,4.359,0.1
KOI-6,11.8,1,4.357,0.1
Kepler-1569,6.6,1,4.357,0.1
Kepler-782,1,1,4.356,0.1
KOI-3111,2.6,1,4.356,0.1
Kepler-655,5.6,1,4.356,0.1
Kepler-1590,0.3,1,4.356,0.1
KOI-5159,4.4,1,4.355,0.1
KOI-5018,1.5,1,4.354,0.1
Kepler-299,1.9,1,4.354,0.1
KOI-4157,10.2,1,4.353,0.1
KOI-611,12.4,1,4.353,0.1
KOI-268,8.5,1,4.352,0.1
Kepler-540,0.5,1,4.352,0.1
Kepler-1276,6.2,1,4.349,0.1
Kepler-483,11.1,1,4.349,0.1
KOI-2158,1.8,1,4.348,0.1
Kepler-1602,4.2,1,4.348,0.1
KOI-2803,2.7,1,4.348,0.1
Kepler-465,7,1,4.348,0.1
Kepler-154,1.1,1,4.346,0.1
KOI-1871,3.1,1,4.345,0.1
Kepler-932,2.4,1,4.345,0.1
Kepler-157,1.5,1,4.344,0.1
Kepler-822,1.7,1,4.343,0.1
Kepler-631,7.4,1,4.343,0.1
KOI-3190,1.5,1,4.343,0.1
Kepler-1271,4.4,1,4.341,0.1
KOI-1917,3.2,1,4.341,0.1
Kepler-1601,2.1,1,4.34,0.1
KOI-2796,1.8,1,4.34,0.1
Kepler-466,2.9,1,4.339,0.1
Kepler-1288,18.1,1,4.339,0.1
KOI-102,1.7,1,4.338,0.1
Kepler-461,7.7,1,4.338,0.1
Kepler-172,2.2,1,4.338,0.1
KOI-3811,4.4,1,4.337,0.1
Kepler-323,3.1,1,4.336,0.1
Kepler-130,0.9,1,4.336,0.1
Kepler-160,1.3,1,4.335,0.1
KOI-1421,2.2,1,4.335,0.1
Kepler-795,2.2,1,4.334,0.1
Kepler-883,1,1,4.334,0.1
Kepler-1235,1.1,1,4.332,0.1
Kepler-1035,2.7,1,4.331,0.1
Kepler-1209,6.6,1,4.329,0.1
KOI-771,2.5,1,4.328,0.1
KOI-686,1.3,1,4.327,0.1
KOI-3340,6.5,1,4.326,0.1
Kepler-144,6.8,1,4.326,0.1
Kepler-513,1.8,1,4.326,0.1
Kepler-382,2.3,1,4.326,0.1
Kepler-79,14,1,4.326,0.1
Kepler-1224,5.3,1,4.323,0.1
Kepler-1258,1.2,1,4.323,0.1
KOI-5837,2.1,1,4.323,0.1
Kepler-773,2.3,1,4.322,0.1
KOI-4318,18.1,1,4.321,0.1
Kepler-197,0.6,1,4.32,0.1
Kepler-379,4.9,1,4.319,0.1
Kepler-275,8.3,1,4.319,0.1
Kepler-780,3.8,1,4.319,0.1
Kepler-406,0.3,1,4.318,0.1
Kepler-140,4.4,1,4.318,0.1
Kepler-804,1.3,1,4.318,0.1
KOI-683,1.4,1,4.318,0.1
Kepler-256,1.8,1,4.317,0.1
Kepler-965,2.9,1,4.316,0.1
Kepler-218,1.4,1,4.316,0.1
Kepler-424,2.5,1,4.315,0.1
KOI-1546,4.9,1,4.314,0.1
Kepler-142,2.1,1,4.314,0.1
KOI-1315,4.7,1,4.313,0.1
KOI-4014,3.5,1,4.313,0.1
Kepler-1344,2.4,1,4.313,0.1
KOI-2319,4.7,1,4.312,0.1
KOI-2559,2.7,1,4.312,0.1
Kepler-1395,5.2,1,4.311,0.1
Kepler-387,1.3,1,4.311,0.1
Kepler-1005,1.6,1,4.308,0.1
Kepler-1501,3.7,1,4.308,0.1
Kepler-535,4.9,1,4.306,0.1
HD 176693,2.8,1,4.305,0.1
KOI-1984,4.2,1,4.305,0.1
KOI-3248,1.6,1,4.304,0.1
Kepler-1657,2.3,1,4.304,0.1
KOI-682,2,1,4.303,0.1
Kepler-506,7.5,1,4.302,0.1
Kepler-514,7,1,4.301,0.1
KOI-1897,2.2,1,4.3,0.1
KOI-1715,1.1,1,4.3,0.1
Kepler-1531,6.6,1,4.3,0.1
Kepler-1586,5,1,4.299,0.1
KOI-1901,4.4,1,4.299,0.1
Kepler-1015,18.6,1,4.299,0.1
Kepler-1622,6.8,1,4.298,0.1
Kepler-126,8.7,1,4.297,0.1
KOI-3227,3.1,1,4.297,0.1
Kepler-1323,4.6,1,4.297,0.1
KOI-4037,7.3,1,4.297,0.1
KOI-3338,2.1,1,4.296,0.1
KOI-4066,12.7,1,4.296,0.1
KOI-360,2.9,1,4.295,0.1
KOI-3980,2,1,4.295,0.1
Kepler-206,0.7,1,4.293,0.1
Kepler-420,3.5,1,4.293,0.1
Kepler-393,14.4,1,4.293,0.1
Kepler-25,9.3,1,4.292,0.1
Kepler-1514,8.1,1,4.292,0.1
Kepler-69,1.4,1,4.292,0.1
KOI-3503,1.9,1,4.292,0.1
Kepler-268,5.2,1,4.291,0.1
Kepler-380,3.7,1,4.291,0.1
Kepler-1662,3.1,1,4.291,0.1
KOI-3215,2.2,1,4.289,0.1
KOI-2807,13.8,1,4.288,0.1
Kepler-311,2.8,1,4.288,0.1
Kepler-544,8,1,4.287,0.1
Kepler-1445,3.6,1,4.287,0.1
KOI-4699,5,1,4.287,0.1
Kepler-170,1.8,1,4.287,0.1
Kepler-624,4,1,4.285,0.1
Kepler-1316,3,1,4.285,0.1
Kepler-1373,5.4,1,4.284,0.1
Kepler-139,1.4,1,4.284,0.1
Kepler-111,2.8,1,4.284,0.1
Kepler-302,1.7,1,4.284,0.1
Kepler-509,2.4,1,4.283,0.1
Kepler-270,5.5,1,4.283,0.1
Kepler-645,8.9,1,4.283,0.1
HD 175289,13,1,4.281,0.1
KOI-2815,1.9,1,4.281,0.1
KOI-3083,2.3,1,4.28,0.1
Kepler-11,0.9,1,4.28,0.1
Kepler-320,6.9,1,4.28,0.1
Kepler-116,7.9,1,4.28,0.1
Kepler-510,0.1,1,4.279,0.1
Kepler-219,3.5,1,4.278,0.1
Kepler-982,4.2,1,4.278,0.1
Kepler-10,0,1,4.277,0.1
Kepler-213,2.3,1,4.277,0.1
Kepler-123,5.9,1,4.277,0.1
Kepler-618,1,1,4.277,0.1
KOI-1878,6.9,1,4.276,0.1
KOI-3249,4.1,1,4.276,0.1
KOI-3196,3.7,1,4.275,0.1
KOI-4505,5.7,1,4.275,0.1
KOI-1375,8.8,1,4.275,0.1
Kepler-1515,10.7,1,4.274,0.1
KOI-2740,6.8,1,4.273,0.1
KOI-2612,2.4,1,4.273,0.1
Kepler-110,3.3,1,4.273,0.1
Kepler-476,3.1,1,4.273,0.1
Kepler-136,9.6,1,4.272,0.1
KOI-4482,6.5,1,4.271,0.1
Kepler-1169,4.5,1,4.271,0.1
Kepler-1141,3.3,1,4.27,0.1
Kepler-807,1.7,1,4.27,0.1
Kepler-1525,2.4,1,4.268,0.1
Kepler-1435,9.6,1,4.268,0.1
Kepler-122,4,1,4.267,0.1
Kepler-377,2.6,1,4.266,0.1
KOI-2752,7.6,1,4.265,0.1
Kepler-909,5.3,1,4.265,0.1
Kepler-90,3.7,1,4.265,0.1
Kepler-596,3,1,4.265,0.1
KOI-4771,10.7,1,4.265,0.1
KOI-2979,1.9,1,4.264,0.1
KOI-3608,2.1,1,4.264,0.1
Kepler-1542,1.1,1,4.263,0.1
KOI-4603,8.1,1,4.263,0.1
Kepler-826,2.5,1,4.261,0.1
Kepler-1104,16.4,1,4.26,0.1
KOI-3913,2.9,1,4.26,0.1
Kepler-1285,7.4,1,4.259,0.1
Kepler-1093,11.4,1,4.259,0.1
Kepler-644,14.9,1,4.259,0.1
Kepler-1025,4.3,1,4.257,0.1
KOI-1242,5.5,1,4.256,0.1
KOI-5021,1.5,1,4.255,0.1
Kepler-924,6.9,1,4.255,0.1
Kepler-853,13.8,1,4.255,0.1
Kepler-1620,2.5,1,4.255,0.1
Kepler-803,2.7,1,4.254,0.1
Kepler-342,9.5,1,4.254,0.1
Kepler-407,0.6,1,4.253,0.1
Kepler-1583,1.9,1,4.253,0.1
KOI-4235,13.6,1,4.253,0.1
Kepler-364,5.8,1,4.253,0.1
Kepler-356,6.8,1,4.252,0.1
Kepler-528,1.9,1,4.25,0.1
Kepler-1051,10,1,4.248,0.1
KOI-269,11.8,1,4.248,0.1
Kepler-1547,2.7,1,4.248,0.1
KOI-4881,9.4,1,4.248,0.1
KOI-4287,8.3,1,4.247,0.1
KOI-3103,3.4,1,4.247,0.1
Kepler-1199,2.3,1,4.247,0.1
KOI-4329,7.9,1,4.247,0.1
KOI-1118,3.5,1,4.247,0.1
Kepler-1248,5.8,1,4.245,0.1
Kepler-627,2.7,1,4.244,0.1
KOI-4407,7.5,1,4.244,0.1
KOI-3641,3.3,1,4.241,0.1
Kepler-208,5.1,1,4.239,0.1
Kepler-1597,10,1,4.239,0.1
KOI-4634,3.2,1,4.239,0.1
KOI-4581,2.1,1,4.238,0.1
Kepler-1349,4.2,1,4.238,0.1
Kepler-8,10.2,1,4.238,0.1
Kepler-454,0.5,1,4.237,0.1
KOI-3254,2.7,1,4.237,0.1
Kepler-521,15.9,1,4.237,0.1
Kepler-653,1.3,1,4.236,0.1
Kepler-507,2.3,1,4.235,0.1
KOI-4567,10.5,1,4.235,0.1
Kepler-89,7.4,1,4.234,0.1
KOI-3236,13.4,1,4.234,0.1
Kepler-1047,4.6,1,4.232,0.1
Kepler-1000,17.1,1,4.231,0.1
KOI-4674,1.4,1,4.23,0.1
KOI-4409,3.8,1,4.229,0.1
KOI-349,4.2,1,4.229,0.1
KOI-2043,2.4,1,4.228,0.1
KOI-3943,7.8,1,4.228,0.1
Kepler-491,2.1,1,4.228,0.1
KOI-3046,2.5,1,4.227,0.1
Kepler-1398,3.3,1,4.226,0.1
KOI-415,1,1,4.226,0.1
KOI-2082,3.9,1,4.226,0.1
Kepler-291,2.2,1,4.226,0.1
Kepler-14,7.4,1,4.225,0.1
Kepler-201,2.7,1,4.223,0.1
Kepler-500,2.8,1,4.222,0.1
Kepler-1479,1,1,4.221,0.1
KOI-1411,2.6,1,4.22,0.1
Kepler-127,6.6,1,4.217,0.1
Kepler-450,12.9,1,4.217,0.1
KOI-4907,2.9,1,4.215,0.1
KOI-2470,3,1,4.215,0.1
KOI-1963,4.6,1,4.214,0.1
BD+40 3638,8.7,1,4.213,0.1
KOI-1271,6.9,1,4.212,0.1
KOI-2960,3,1,4.211,0.1
KOI-1812,2.4,1,4.211,0.1
Kepler-1163,7.9,1,4.21,0.1
Kepler-1485,3.9,1,4.21,0.1
Kepler-422,1.9,1,4.21,0.1
KOI-403,10.1,1,4.209,0.1
Kepler-1121,8.8,1,4.207,0.1
KOI-5626,2.4,1,4.207,0.1
Kepler-1253,1.8,1,4.203,0.1
Kepler-820,12.9,1,4.202,0.1
Kepler-1442,12.8,1,4.202,0.1
Kepler-1619,1.4,1,4.202,0.1
KOI-1010,7.5,1,4.199,0.1
BD+48 2893,0,1,4.199,0.1
KOI-4580,2,1,4.199,0.1
KOI-1739,2.6,1,4.199,0.1
KOI-2971,14.9,1,4.198,0.1
KOI-2486,5.8,1,4.197,0.1
Kepler-999,10.5,1,4.195,0.1
Kepler-43,5.4,1,4.195,0.1
KOI-4443,9.6,1,4.194,0.1
KOI-3474,4.8,1,4.194,0.1
KOI-3184,4.1,1,4.193,0.1
Kepler-381,7.2,1,4.193,0.1
Kepler-980,2.9,1,4.193,0.1
KOI-466,6,1,4.193,0.1
KOI-3889,1.7,1,4.192,0.1
Kepler-371,2,1,4.191,0.1
Kepler-1072,4.1,1,4.191,0.1
Kepler-15,2.9,1,4.19,0.1
KOI-2228,12.7,1,4.19,0.1
Kepler-1002,7.2,1,4.19,0.1
KOI-2712,13.2,1,4.189,0.1
KOI-4011,3.8,1,4.189,0.1
KOI-4653,7.5,1,4.189,0.1
KOI-4614,5.7,1,4.189,0.1
Kepler-216,7.1,1,4.189,0.1
Kepler-1618,10.7,1,4.189,0.1
Kepler-625,5.4,1,4.187,0.1
KOI-1463,10.3,1,4.187,0.1
KOI-4323,11,1,4.185,0.1
Kepler-1054,4,1,4.184,0.1
Kepler-1385,2.2,1,4.182,0.1
Kepler-419,13.6,1,4.182,0.1
Kepler-430,3.7,1,4.18,0.1
Kepler-313,3.7,1,4.18,0.1
Kepler-1226,5.2,1,4.18,0.1
Kepler-143,2.4,1,4.178,0.1
Kepler-449,3.7,1,4.178,0.1
KOI-2631,2.2,1,4.177,0.1
Kepler-1278,4.2,1,4.177,0.1
Kepler-385,2.8,1,4.177,0.1
Kepler-647,2.5,1,4.176,0.1
Kepler-467,2.1,1,4.175,0.1
BD+46 2597,10.8,1,4.175,0.1
Kepler-1240,2.1,1,4.174,0.1
KOI-4435,8.8,1,4.174,0.1
Kepler-923,3,1,4.171,0.1
Kepler-361,7.6,1,4.17,0.1
KOI-5241,2.6,1,4.17,0.1
Kepler-109,2.8,1,4.169,0.1
Kepler-522,13.5,1,4.169,0.1
Kepler-343,3,1,4.169,0.1
Kepler-1457,3,1,4.168,0.1
Kepler-217,15,1,4.168,0.1
Kepler-1338,2.3,1,4.167,0.1
Kepler-914,3.2,1,4.167,0.1
KOI-4546,3.4,1,4.166,0.1
Kepler-1617,2,1,4.166,0.1
Kepler-1370,6.3,1,4.166,0.1
KOI-2781,1.4,1,4.164,0.1
Kepler-1328,2,1,4.164,0.1
Kepler-915,7.6,1,4.164,0.1
KOI-3541,6.6,1,4.164,0.1
Kepler-1211,2.9,1,4.163,0.1
Kepler-511,1.9,1,4.163,0.1
KOI-2949,2.8,1,4.163,0.1
Kepler-910,10.1,1,4.162,0.1
KOI-2582,3.5,1,4.162,0.1
Kepler-1397,8.2,1,4.162,0.1
Kepler-774,9.6,1,4.161,0.1
Kepler-526,2.9,1,4.161,0.1
KOI-1208,8.1,1,4.157,0.1
KOI-2848,2.8,1,4.156,0.1
KOI-4431,9.7,1,4.156,0.1
KOI-4421,5.2,1,4.155,0.1
KOI-644,1.6,1,4.155,0.1
Kepler-1533,7.1,1,4.154,0.1
Kepler-6,2.6,1,4.153,0.1
KOI-4457,7.5,1,4.152,0.1
Kepler-133,4,1,4.151,0.1
Kepler-633,2.3,1,4.151,0.1
KOI-3251,3.8,1,4.15,0.1
Kepler-31,112.1,1,4.149,0.1
Kepler-997,6.6,1,4.148,0.1
Kepler-187,4.3,1,4.148,0.1
KOI-3165,7.9,1,4.147,0.1
KOI-2398,8.2,1,4.147,0.1
Kepler-1082,1.6,1,4.146,0.1
Kepler-1193,3.6,1,4.146,0.1
Kepler-650,2.1,1,4.146,0.1
KOI-1537,6.2,1,4.145,0.1
KOI-2201,7.4,1,4.144,0.1
Kepler-117,7.4,1,4.143,0.1
Kepler-1383,6,1,4.142,0.1
KOI-2974,13.2,1,4.141,0.1
KOI-2801,3.6,1,4.141,0.1
Kepler-212,3.8,1,4.141,0.1
KOI-134,11.1,1,4.141,0.1
KOI-5423,2.5,1,4.14,0.1
Kepler-805,6.2,1,4.139,0.1
Kepler-50,10,1,4.138,0.1
KOI-2367,6.3,1,4.138,0.1
KOI-3421,7.8,1,4.137,0.1
Kepler-1581,3.7,1,4.137,0.1
KOI-2829,3.4,1,4.136,0.1
Kepler-24,25.2,1,4.135,0.1
Kepler-1293,7.2,1,4.135,0.1
BD+47 2846,5.2,1,4.134,0.1
Kepler-806,0.3,1,4.134,0.1
Kepler-1256,5,1,4.133,0.1
KOI-2358,13.6,1,4.132,0.1
KOI-3194,6.9,1,4.132,0.1
Kepler-474,1.4,1,4.131,0.1
KOI-4273,5.7,1,4.13,0.1
Kepler-930,3.7,1,4.129,0.1
Kepler-135,5.5,1,4.127,0.1
KOI-4839,3.2,1,4.126,0.1
Kepler-214,6.5,1,4.125,0.1
Kepler-5,4.4,1,4.121,0.1
KOI-1962,4.6,1,4.12,0.1
Kepler-1408,5.4,1,4.12,0.1
KOI-4423,9.2,1,4.119,0.1
KOI-3168,2.7,1,4.119,0.1
Kepler-1213,3.9,1,4.119,0.1
Kepler-839,3.7,1,4.119,0.1
KOI-1168,6.4,1,4.118,0.1
KOI-5567,3.4,1,4.116,0.1
BD+45 2960,7.8,1,4.115,0.1
Kepler-107,3.1,1,4.114,0.1
KOI-3801,2.9,1,4.114,0.1
Kepler-852,8.3,1,4.114,0.1
KOI-4367,7.7,1,4.113,0.1
KOI-703,7.5,1,4.113,0.1
Kepler-1616,9.5,1,4.112,0.1
Kepler-60,3,1,4.109,0.1
KOI-4833,2.3,1,4.108,0.1
Kepler-36,4.9,1,4.106,0.1
Kepler-376,2.6,1,4.104,0.1
Kepler-384,1.6,1,4.104,0.1
KOI-4588,7.3,1,4.104,0.1
Kepler-794,3.5,1,4.103,0.1
KOI-4633,5.9,1,4.102,0.1
KOI-465,3.9,1,4.1,0.1
KOI-113,2.3,1,4.1,0.1
Kepler-431,5.2,1,4.099,0.1
Kepler-1412,2.4,1,4.099,0.1
Kepler-464,3.9,1,4.098,0.1
Kepler-264,9,1,4.097,0.1
Kepler-1218,2.4,1,4.097,0.1
KOI-364,0.7,1,4.095,0.1
Kepler-1345,7.5,1,4.095,0.1
KOI-2603,9.7,1,4.094,0.1
Kepler-1103,7.4,1,4.093,0.1
Kepler-207,5.3,1,4.092,0.1
Kepler-128,6.1,1,4.091,0.1
Kepler-95,0.9,1,4.09,0.1
Kepler-889,3.1,1,4.09,0.1
Kepler-524,3.4,1,4.09,0.1
TYC 3144-787-1,141,41,4.09,0.1
Kepler-4,2.8,1,4.089,0.1
KOI-2984,6.3,1,4.088,0.1
Kepler-147,4.1,1,4.087,0.1
Kepler-712,1.2,1,4.087,0.1
Kepler-1280,9.1,1,4.087,0.1
BD+45 2860,5.3,1,4.083,0.1
KOI-340,7.1,1,4.08,0.1
HD 179070,7.3,1,4.079,0.1
Kepler-103,3.1,1,4.078,0.1
Kepler-654,2,1,4.078,0.1
KOI-4426,7.6,1,4.078,0.1
KOI-4060,3.2,1,4.077,0.1
KOI-4452,1.8,1,4.076,0.1
Kepler-1069,2.7,1,4.074,0.1
Kepler-929,5.6,1,4.074,0.1
Kepler-238,3,1,4.073,0.1
Kepler-100,2.7,1,4.073,0.1
Kepler-635,7.8,1,4.071,0.1
KOI-2641,2.9,1,4.071,0.1
KOI-3132,12,1,4.069,0.1
Kepler-101,2.5,1,4.068,0.1
KOI-4575,5.8,1,4.068,0.1
Kepler-458,9.3,1,4.066,0.1
Kepler-1391,2.7,1,4.065,0.1
Kepler-269,2.4,1,4.065,0.1
Kepler-403,4.9,1,4.064,0.1
KOI-3214,5,1,4.063,0.1
Kepler-460,5.1,1,4.063,0.1
Kepler-1464,3.2,1,4.062,0.1
Kepler-1434,10.1,1,4.062,0.1
KOI-211,3.7,1,4.061,0.1
KOI-2749,9.5,1,4.06,0.1
Kepler-1298,10.3,1,4.059,0.1
Kepler-1311,1.8,1,4.059,0.1
Kepler-92,4,1,4.058,0.1
KOI-2765,3.4,1,4.058,0.1
KOI-379,7.5,1,4.057,0.1
Kepler-23,1.4,1,4.057,0.1
KOI-3100,3,1,4.056,0.1
Kepler-1421,6.2,1,4.055,0.1
Kepler-1365,1.8,1,4.055,0.1
Kepler-639,2,1,4.055,0.1
Kepler-1563,3,1,4.054,0.1
Kepler-33,4.4,1,4.053,0.1
KOI-4156,3.4,1,4.052,0.1
KOI-288,7.9,1,4.051,0.1
KOI-2969,5.2,1,4.051,0.1
KOI-3425,6.4,1,4.05,0.1
KOI-1623,2.1,1,4.047,0.1
KOI-2677,6.6,1,4.046,0.1
Kepler-435,6.4,1,4.046,0.1
KOI-2462,5.7,1,4.044,0.1
KOI-4773,6.1,1,4.044,0.1
Kepler-335,6.5,1,4.044,0.1
Kepler-401,5.8,1,4.043,0.1
KOI-3114,8.7,1,4.042,0.1
KOI-2737,2.3,1,4.04,0.1
Kepler-145,6.7,1,4.039,0.1
Kepler-911,5.9,1,4.038,0.1
KOI-4744,3.2,1,4.035,0.1
Kepler-1274,6.8,1,4.035,0.1
Kepler-1158,7.6,1,4.033,0.1
Kepler-1279,7.5,1,4.032,0.1
KOI-2720,2.6,1,4.029,0.1
Kepler-277,2.9,1,4.026,0.1
Kepler-849,4.9,1,4.026,0.1
KOI-375,2.7,1,4.026,0.1
KOI-2891,5.7,1,4.024,0.1
Kepler-338,5.1,1,4.023,0.1
Kepler-1428,17.3,1,4.017,0.1
KOI-4343,3.5,1,4.017,0.1
Kepler-129,2.9,1,4.016,0.1
Kepler-1300,7,1,4.015,0.1
Kepler-12,1.7,1,4.014,0.1
Kepler-1382,7.5,1,4.013,0.1
KOI-2840,1.8,1,4.012,0.1
KOI-5924,1.5,1,4.012,0.1
KOI-4715,8.3,1,4.012,0.1
Kepler-603,4.6,1,4.012,0.1
Kepler-1587,3.5,1,4.01,0.1
Kepler-1440,2.4,1,4.009,0.1
Kepler-541,5.7,1,4.008,0.1
Kepler-1269,4.5,1,4.006,0.1
Kepler-953,3.8,1,4.005,0.1
Kepler-363,3.2,1,4.004,0.1
KOI-3172,6.4,1,4.003,0.1
KOI-4665,2.3,1,4.001,0.1
KOI-3128,5.3,1,4.001,0.1
KOI-3500,6.9,1,3.998,0.1
KOI-2968,7.4,1,3.997,0.1
KOI-2590,10.2,1,3.996,0.1
KOI-4822,2.6,1,3.992,0.1
KOI-4198,5.8,1,3.991,0.1
Kepler-7,3.7,1,3.986,0.1
KOI-4245,5.9,1,3.983,0.1
Kepler-1580,8.2,1,3.982,0.1
KOI-2750,88.6,1,3.981,0.1
KOI-319,5.3,1,3.977,0.1
KOI-4763,3.5,1,3.976,0.1
Kepler-1452,7.3,1,3.975,0.1
KOI-2676,4.6,1,3.973,0.1
Kepler-772,2.6,1,3.973,0.1
Kepler-1625,1.9,1,3.97,0.1
KOI-1316,3.9,1,3.967,0.1
KOI-4022,6.8,1,3.964,0.1
Kepler-337,2.1,1,3.96,0.1
KOI-388,3.9,1,3.957,0.1
KOI-2769,2.8,1,3.956,0.1
Kepler-1607,5.8,1,3.955,0.1
KOI-1947,3.1,1,3.954,0.1
Kepler-1488,3.9,1,3.954,0.1
Kepler-473,2.6,1,3.953,0.1
KOI-3195,3.6,1,3.952,0.1
Kepler-1394,9.9,1,3.949,0.1
KOI-4136,3.1,1,3.946,0.1
Kepler-248,1.1,1,3.945,0.1
KOI-4123,4,1,3.945,0.1
Kepler-848,3.9,1,3.942,0.1
KOI-1356,3.6,1,3.942,0.1
Kepler-1570,2.1,1,3.934,0.1
KOI-1864,2.1,1,3.929,0.1
KOI-2885,1.8,1,3.927,0.1
KOI-2831,4.5,1,3.924,0.1
Kepler-1219,5.5,1,3.924,0.1
KOI-3180,4.9,1,3.915,0.1
KOI-4941,4.5,1,3.913,0.1
KOI-2312,6.5,1,3.909,0.1
KOI-2884,3.5,1,3.909,0.1
Kepler-368,3,1,3.907,0.1
KOI-2516,2.6,1,3.907,0.1
KOI-4686,3.8,1,3.9,0.1
KOI-4811,2.7,1,3.896,0.1
KOI-1639,5.9,1,3.896,0.1
Kepler-638,1.7,1,3.888,0.1
KOI-2639,2.5,1,3.888,0.1
KOI-3908,4.3,1,3.876,0.1
KOI-3240,5.4,1,3.875,0.1
KOI-2479,2.9,1,3.875,0.1
KOI-4605,4.4,1,3.869,0.1
KOI-4226,4.9,1,3.866,0.1
BD+42 3339,5,1,3.864,0.1
KOI-4864,2.9,1,3.862,0.1
Kepler-108,3.2,1,3.861,0.1
KOI-64,2,1,3.86,0.1
HD 183204,292,50,3.86,0.1
KOI-2332,2.3,1,3.856,0.1
KOI-4887,4.8,1,3.849,0.1
Kepler-223,2.2,1,3.842,0.1
KOI-684,2.7,1,3.837,0.1
KOI-4556,3.5,1,3.829,0.1
Kepler-796,2.8,1,3.828,0.1
KOI-1206,5.3,1,3.818,0.1
KOI-4647,3,1,3.814,0.1
HD 185374,4.7,1,3.811,0.1
Kepler-1605,2.8,1,3.81,0.1
KOI-4775,2.9,1,3.804,0.1
KOI-3202,3.2,1,3.802,0.1
Kepler-784,4.4,1,3.801,0.1
KOI-4257,3,1,3.799,0.1
Kepler-295,2.8,1,3.787,0.1
KOI-3891,2.7,1,3.746,0.1
KOI-2758,4,1,3.745,0.1
Kepler-391,2.9,1,3.702,0.1
KOI-371,2.3,1,3.678,0.1
Kepler-643,3.1,1,3.66,0.1
KOI-1032,3.2,1,3.621,0.1
KOI-1120,4.8,1,3.577,0.1
KOI-2081,2.8,1,3.571,0.1
KOI-3853,3.7,1,3.566,0.1
Kepler-815,2.9,1,3.562,0.1
KOI-4269,2.6,1,3.557,0.1
KOI-1019,2.1,1,3.551,0.1
KOI-1222,3.1,1,3.536,0.1
Kepler-1388,2.4,1,3.523,0.1
Kepler-1004,3.1,1,3.486,0.1
KOI-5278,11.6,1,3.471,0.1
Kepler-432,3,1,3.423,0.1
KOI-2659,2.9,1,3.402,0.1
Kepler-56,3.2,1,3.383,0.1
KOI-6102,11.8,1,3.375,0.1
KOI-1230,3.9,1,3.353,0.1
KOI-981,2.1,1,3.303,0.1
KOI-145,2.4,1,3.262,0.1
KOI-3244,3.9,1,3.126,0.1
KOI-3890,3.3,1,3.107,0.1
KOI-2481,4.1,1,3.087,0.1
KOI-2640,3.6,1,3.025,0.1
HD 190655,5.3,1,2.943,0.1
* f Leo,39,2,5.456,nan
HD 154228,44,2,5.238,nan
HD 14171,26,2,5.144,nan
HD 158716,15,1,5.125,nan
G 99-49,7.39,0.8,4.888,nan
HD 132145,15,1,4.867,nan
* phi Aql,29,2,4.805,nan
* 65 Ari,27,2,4.744,nan
HD 88230,2.8,1.4,4.633,nan
HD 157881,2.8,1.1,4.619,nan
HD 188385,119,11,4.53,nan
* 134 Tau,31,3,4.525,nan
HD 147550,15,1,4.389,nan
HD 159482,5,2,4.3,nan
HD 79248,44,1,4.29,nan
HD 41076,14,1,4.272,nan
HD 27026,242,18,4.231,nan
* 46 Aql,13,1,4.13,nan
HD 25704,4.8,2,4.1,nan
HD 21661,15,2,4.093,nan
HD 5550,17,2,4.077,nan
HD 196821,24,3,4.076,nan
* f Oph,28,2,4.01,nan
HD 148816,5.7,2,4,nan
HD 19065,39,3,3.982,nan
* 13 Com,52,3,3.953,nan
HD 39985,28,3,3.934,nan
HD 169981,16,1,3.86,nan
HD 6960,33,4,3.827,nan
HD 169111,109,5,3.67,nan
HD 182691,76,1,3.606,nan
HD 51929,3,2,3.5,nan
HD 45282,3,2,3.3,nan
* ome Cas,36,4,3.288,nan
HD 174177,73,2,3.274,nan
* 50 Lib,38,3,3.159,nan
HD 173664,74,4,2.204,nan
HD 161941,34,1,1.869,nan
