KOI-4941,4.5,1,16.546,0.1
Kepler-1388,2.4,1,16.279,0.1
Kepler-67,2.7,1,16.144,0.1
KOI-3801,2.9,1,15.999,0.1
Kepler-397,1.7,1,15.996,0.1
KOI-4841,2.7,1,15.986,0.1
KIC 5177193,218,158,15.984,0.1
KOI-1466,2.8,1,15.962,0.1
KOI-5085,0.9,1,15.941,0.1
KOI-5039,1.7,1,15.941,0.1
Kepler-291,2.2,1,15.934,0.1
KOI-1477,2.4,1,15.917,0.1
KOI-2750,88.6,1,15.905,0.1
Kepler-443,2.2,1,15.891,0.1
Kepler-859,2.7,1,15.887,0.1
Kepler-1593,3.9,1,15.873,0.1
KOI-5278,11.6,1,15.87,0.1
KIC 5462650,169,51,15.868,0.1
Kepler-1266,1.4,1,15.86,0.1
Kepler-712,1.2,1,15.859,0.1
Kepler-436,3.2,1,15.856,0.1
Kepler-27,2.4,1,15.855,0.1
Kepler-294,1.5,1,15.843,0.1
Kepler-254,0.4,1,15.843,0.1
Kepler-415,136,59,15.842,0.1
Kepler-229,2.1,1,15.841,0.1
Kepler-1211,2.9,1,15.832,0.1
Kepler-1600,1.5,1,15.825,0.1
Kepler-1068,2,1,15.818,0.1
Kepler-305,2,1,15.812,0.1
Kepler-269,2.4,1,15.808,0.1
Kepler-1071,2.8,1,15.801,0.1
KOI-5924,1.5,1,15.789,0.1
KIC 5266549,313,66,15.774,0.1
Kepler-389,0.9,1,15.77,0.1
Kepler-1359,3.2,1,15.768,0.1
Kepler-1625,1.9,1,15.756,0.1
Kepler-1415,1.6,1,15.744,0.1
KOI-3086,0.8,1,15.707,0.1
KOI-5792,2.3,1,15.705,0.1
KOI-2490,126,37,15.701,0.1
KOI-5198,0.8,1,15.683,0.1
KOI-1590,2.9,1,15.674,0.1
2MASS J19271898+3708261,235,114,15.673,0.1
Kepler-240,2.8,1,15.66,0.1
KIC 1720673,281,83,15.651,0.1
Kepler-224,2.8,1,15.644,0.1
KIC 1436140,268,95,15.638,0.1
KOI-2250,2.8,1,15.622,0.1
Kepler-244,1.2,1,15.604,0.1
Kepler-245,3.1,1,15.599,0.1
Kepler-290,2.4,1,15.596,0.1
Kepler-286,0,1,15.587,0.1
KOI-4717,0.3,1,15.58,0.1
KOI-5135,3.1,1,15.578,0.1
KOI-5877,0.5,1,15.571,0.1
Kepler-306,2.2,1,15.565,0.1
KOI-4366,0.4,1,15.556,0.1
KOI-4430,2.2,1,15.544,0.1
KIC 5714912,281,25,15.536,0.1
KOI-2639,2.5,1,15.527,0.1
KOI-5790,2.1,1,15.518,0.1
KOI-7599,2.2,1,15.51,0.1
Kepler-302,1.7,1,15.505,0.1
KOI-2248,2.9,1,15.498,0.1
KOI-5216,0.8,1,15.495,0.1
KOI-5888,1,1,15.491,0.1
KIC 1722735,256,122,15.477,0.1
KOI-6734,2.1,1,15.477,0.1
Kepler-257,2,1,15.471,0.1
KIC 5602310,325,96,15.462,0.1
KOI-5702,2.9,1,15.462,0.1
KIC 5446908,123,95,15.454,0.1
KIC 4994641,193,98,15.446,0.1
KIC 3534089,357,67,15.443,0.1
KIC 4818089,282,92,15.421,0.1
KIC 4907633,142,41,15.412,0.1
Kepler-30,2.3,1,15.403,0.1
KOI-2763,2.9,1,15.397,0.1
KOI-5269,1.7,1,15.392,0.1
Kepler-263,2.1,1,15.391,0.1
Kepler-265,1.7,1,15.381,0.1
Kepler-242,3,1,15.376,0.1
Kepler-293,0.7,1,15.368,0.1
KOI-2093,3.4,1,15.357,0.1
Kepler-227,0.8,1,15.347,0.1
Kepler-223,2.2,1,15.344,0.1
Kepler-656,1.7,1,15.342,0.1
KIC 5446821,230,119,15.34,0.1
Kepler-1001,2.1,1,15.338,0.1
KIC 4728952,248,95,15.333,0.1
KIC 3850643,175,96,15.333,0.1
KIC 1572802,134,79,15.329,0.1
KOI-4961,2.8,1,15.325,0.1
KOI-3283,3.4,1,15.322,0.1
Kepler-315,0.6,1,15.321,0.1
Kepler-275,8.3,1,15.319,0.1
KOI-5626,2.4,1,15.312,0.1
KOI-1421,2.2,1,15.305,0.1
KIC 10685417,193,37,15.295,0.1
Kepler-237,2,1,15.289,0.1
Kepler-1129,3.1,1,15.28,0.1
KIC 1026474,260,133,15.278,0.1
KOI-4978,1.9,1,15.278,0.1
KIC 4346809,387,20,15.27,0.1
KIC 1866535,157,105,15.268,0.1
KIC 5628536,242,42,15.267,0.1
Kepler-75,3.1,1,15.264,0.1
KOI-760,1.2,1,15.263,0.1
Kepler-46,1.3,1,15.262,0.1
Kepler-330,1.1,1,15.261,0.1
KOI-5837,2.1,1,15.261,0.1
Kepler-248,1.1,1,15.258,0.1
Kepler-31,112.1,1,15.237,0.1
KOI-5241,2.6,1,15.233,0.1
Kepler-404,1.1,1,15.228,0.1
Kepler-251,1.7,1,15.223,0.1
KIC 5353192,194,79,15.221,0.1
Kepler-259,1.2,1,15.219,0.1
Kepler-346,1.1,1,15.214,0.1
KOI-2037,4,1,15.213,0.1
KOI-5021,1.5,1,15.212,0.1
Kepler-385,2.8,1,15.212,0.1
Kepler-239,1.7,1,15.208,0.1
KOI-771,2.5,1,15.207,0.1
KOI-1356,3.6,1,15.206,0.1
Kepler-66,4.1,1,15.2,0.1
KOI-5423,2.5,1,15.2,0.1
Kepler-716,2.6,1,15.193,0.1
KIC 4633585,134,98,15.186,0.1
KOI-5018,1.5,1,15.184,0.1
KIC 1721911,200,145,15.184,0.1
KIC 3853938,185,151,15.181,0.1
Kepler-285,0.5,1,15.173,0.1
KOI-2084,223,86,15.168,0.1
Kepler-1409,3.4,1,15.168,0.1
KOI-1209,1.5,1,15.166,0.1
KIC 5613039,213,86,15.159,0.1
Kepler-82,2.4,1,15.158,0.1
KIC 5773914,221,137,15.146,0.1
KIC 3550668,254,114,15.144,0.1
KIC 5360478,167,111,15.141,0.1
KOI-2410,1,1,15.141,0.1
KOI-5855,1.4,1,15.138,0.1
Kepler-1197,3.9,1,15.13,0.1
KOI-1739,2.6,1,15.129,0.1
Kepler-807,1.7,1,15.128,0.1
KIC 5966043,154,109,15.126,0.1
KIC 5708183,225,64,15.1,0.1
KIC 7373727,218,29,15.099,0.1
Kepler-243,2.4,1,15.086,0.1
Kepler-238,3,1,15.084,0.1
Kepler-230,0.6,1,15.082,0.1
Kepler-760,1.8,1,15.07,0.1
Kepler-247,1.6,1,15.067,0.1
Kepler-256,1.8,1,15.065,0.1
Kepler-222,4.2,1,15.063,0.1
Kepler-828,1.3,1,15.055,0.1
KOI-2469,1.7,1,15.048,0.1
KOI-4002,2.9,1,15.04,0.1
Kepler-28,3.8,1,15.036,0.1
KIC 5808421,200,122,15.036,0.1
KIC 3957108,204,165,15.03,0.1
Kepler-1341,2.5,1,15.028,0.1
Kepler-246,2.4,1,15.024,0.1
Kepler-299,1.9,1,15.017,0.1
Kepler-725,2.2,1,15.011,0.1
Kepler-325,2.9,1,15.009,0.1
KIC 9216773,128,85,15.006,0.1
KOI-1239,1.5,1,15.005,0.1
KIC 5522608,135,116,15.004,0.1
Kepler-1090,2.2,1,15.001,0.1
KIC 5716073,232,67,15,0.1
Kepler-487,1,1,14.991,0.1
KIC 4914239,195,163,14.989,0.1
KOI-211,3.7,1,14.989,0.1
Kepler-150,1.8,1,14.985,0.1
KIC 5709582,225,146,14.977,0.1
Kepler-1315,2.4,1,14.975,0.1
KOI-3913,2.9,1,14.972,0.1
Kepler-485,2.1,1,14.952,0.1
KOI-5159,4.4,1,14.95,0.1
KIC 2969347,240,160,14.94,0.1
KIC 5467710,134,139,14.928,0.1
Kepler-24,25.2,1,14.925,0.1
Kepler-553,2.4,1,14.924,0.1
KIC 8255015,220,39,14.92,0.1
Kepler-1604,1.8,1,14.915,0.1
KIC 5469689,134,146,14.913,0.1
KOI-2393,1.1,1,14.903,0.1
Kepler-159,4.4,1,14.902,0.1
KOI-1871,3.1,1,14.897,0.1
Kepler-786,2.3,1,14.887,0.1
KIC 6035145,216,130,14.886,0.1
Kepler-171,1.5,1,14.883,0.1
KIC 5879967,137,91,14.881,0.1
KIC 4636482,139,49,14.88,0.1
Kepler-1052,3.3,1,14.876,0.1
KOI-2874,1.5,1,14.867,0.1
Kepler-360,3.7,1,14.866,0.1
Kepler-1523,1.5,1,14.86,0.1
Kepler-1228,2.1,1,14.859,0.1
Kepler-189,1.8,1,14.859,0.1
KOI-5567,3.4,1,14.857,0.1
Kepler-603,4.6,1,14.854,0.1
KOI-5546,5,1,14.848,0.1
Kepler-304,3.5,1,14.84,0.1
KOI-7605,3.9,1,14.839,0.1
Kepler-1552,2.5,1,14.838,0.1
Kepler-426,0.1,1,14.835,0.1
KIC 6287877,121,98,14.835,0.1
KOI-2796,1.8,1,14.832,0.1
KOI-2875,2.1,1,14.828,0.1
Kepler-618,1,1,14.827,0.1
Kepler-58,2.1,1,14.82,0.1
KIC 5207271,155,124,14.817,0.1
Kepler-195,0.4,1,14.813,0.1
Kepler-57,1.6,1,14.809,0.1
Kepler-191,1.8,1,14.808,0.1
Kepler-80,3.5,1,14.804,0.1
Kepler-1232,1.3,1,14.803,0.1
Kepler-165,1.3,1,14.802,0.1
KOI-6927,1.9,1,14.795,0.1
Kepler-394,2,1,14.79,0.1
KIC 5088644,174,122,14.785,0.1
KIC 5450680,191,141,14.784,0.1
KOI-6971,1.7,1,14.784,0.1
Kepler-85,2.1,1,14.779,0.1
KOI-4018,1.8,1,14.774,0.1
KIC 3853207,124,119,14.773,0.1
Kepler-985,1.9,1,14.767,0.1
KOI-1276,1.4,1,14.766,0.1
Kepler-84,4.5,1,14.764,0.1
Kepler-598,1,1,14.759,0.1
Kepler-1340,3.1,1,14.758,0.1
Kepler-564,213,41,14.749,0.1
KIC 4356114,159,159,14.748,0.1
Kepler-349,6.3,1,14.746,0.1
KIC 6364164,222,109,14.729,0.1
KIC 5868105,199,137,14.716,0.1
KOI-3278,3.6,1,14.71,0.1
Kepler-181,2,1,14.707,0.1
Kepler-1389,2.2,1,14.699,0.1
Kepler-619,4.2,1,14.697,0.1
Kepler-418,2.5,1,14.696,0.1
KIC 5682521,222,38,14.683,0.1
KIC 9905724,242,48,14.679,0.1
Kepler-272,2.7,1,14.678,0.1
KIC 10026977,204,37,14.678,0.1
Kepler-188,2.1,1,14.674,0.1
KOI-2396,1.4,1,14.672,0.1
KOI-3980,2,1,14.67,0.1
Kepler-51,5.5,1,14.669,0.1
KOI-466,6,1,14.663,0.1
KIC 6293275,148,109,14.661,0.1
Kepler-420,3.5,1,14.651,0.1
KIC 5869314,227,77,14.634,0.1
Kepler-845,2.3,1,14.631,0.1
Kepler-382,2.3,1,14.623,0.1
KIC 10091543,257,34,14.622,0.1
Kepler-549,1.3,1,14.621,0.1
Kepler-160,1.3,1,14.619,0.1
KIC 10936272,212,49,14.617,0.1
Kepler-193,3.7,1,14.615,0.1
Kepler-179,1.8,1,14.613,0.1
Kepler-822,1.7,1,14.609,0.1
KOI-3065,2.8,1,14.603,0.1
KIC 1435229,277,116,14.586,0.1
KIC 4551429,261,117,14.569,0.1
KOI-4054,1.7,1,14.566,0.1
Kepler-439,1.7,1,14.56,0.1
Kepler-176,1.4,1,14.55,0.1
KOI-4070,1.9,1,14.549,0.1
Kepler-949,2.5,1,14.548,0.1
Kepler-929,5.6,1,14.542,0.1
KIC 9906689,231,36,14.54,0.1
Kepler-154,1.1,1,14.534,0.1
Kepler-172,2.2,1,14.532,0.1
Kepler-339,1.8,1,14.531,0.1
Kepler-1657,2.3,1,14.524,0.1
KIC 9787117,248,39,14.518,0.1
Kepler-373,3,1,14.514,0.1
KOI-4109,2.5,1,14.511,0.1
Kepler-1264,1.1,1,14.511,0.1
Kepler-1559,2,1,14.5,0.1
Kepler-990,1.5,1,14.498,0.1
KOI-4746,4.6,1,14.484,0.1
KOI-2607,3.1,1,14.482,0.1
KOI-1666,14.2,1,14.479,0.1
KIC 9111033,217,55,14.468,0.1
Kepler-399,1.5,1,14.467,0.1
Kepler-185,1.2,1,14.458,0.1
KOI-1546,4.9,1,14.456,0.1
KIC 3956991,166,84,14.447,0.1
KOI-2290,1.7,1,14.447,0.1
Kepler-295,2.8,1,14.447,0.1
KIC 1873543,284,84,14.444,0.1
Kepler-975,2.8,1,14.438,0.1
KOI-2571,6.1,1,14.434,0.1
Kepler-158,2.6,1,14.427,0.1
KIC 7826323,217,24,14.422,0.1
KIC 3736208,167,120,14.419,0.1
KOI-2916,1.8,1,14.409,0.1
Kepler-607,1.4,1,14.405,0.1
Kepler-170,1.8,1,14.387,0.1
KIC 3946894,167,92,14.382,0.1
Kepler-561,1.6,1,14.361,0.1
Kepler-758,456.7,1,14.348,0.1
KIC 4261467,139,129,14.347,0.1
KIC 11128748,164,74,14.323,0.1
Kepler-554,1.7,1,14.313,0.1
Kepler-1566,0.9,1,14.311,0.1
Kepler-1067,2.3,1,14.305,0.1
KIC 3955797,141,94,14.294,0.1
Kepler-152,1.7,1,14.29,0.1
KOI-2441,294,95,14.287,0.1
Kepler-174,2.1,1,14.287,0.1
Kepler-808,2.4,1,14.285,0.1
Kepler-164,3.3,1,14.282,0.1
KIC 4735754,170,117,14.28,0.1
2MASS J19181278+3827081,150,47,14.274,0.1
Kepler-117,7.4,1,14.274,0.1
Kepler-301,1.5,1,14.271,0.1
Kepler-153,0.3,1,14.262,0.1
Kepler-424,2.5,1,14.256,0.1
KOI-4469,1.9,1,14.251,0.1
Kepler-122,4,1,14.247,0.1
KIC 6366391,163,110,14.238,0.1
KIC 2860930,138,89,14.237,0.1
Kepler-297,1.3,1,14.232,0.1
KIC 3748918,271,134,14.219,0.1
Kepler-173,3.6,1,14.209,0.1
KOI-4792,2.7,1,14.199,0.1
Kepler-161,2.4,1,14.196,0.1
Kepler-169,2.7,1,14.194,0.1
KOI-3474,4.8,1,14.192,0.1
Kepler-1458,2.3,1,14.19,0.1
KOI-465,3.9,1,14.188,0.1
KIC 3649453,133,140,14.186,0.1
Kepler-1227,1.5,1,14.183,0.1
KOI-2474,2,1,14.182,0.1
Kepler-500,2.8,1,14.176,0.1
Kepler-187,4.3,1,14.173,0.1
Kepler-156,2.6,1,14.172,0.1
Kepler-924,6.9,1,14.171,0.1
KOI-403,10.1,1,14.169,0.1
KOI-2547,2.2,1,14.169,0.1
KIC 7867091,235,33,14.169,0.1
Kepler-313,3.7,1,14.167,0.1
Kepler-1464,3.2,1,14.159,0.1
Kepler-1310,1.1,1,14.159,0.1
Kepler-196,1.7,1,14.157,0.1
2MASS J18521482+4103252,204,26,14.154,0.1
Kepler-1156,0.8,1,14.152,0.1
Kepler-545,1.7,1,14.15,0.1
Kepler-1226,5.2,1,14.15,0.1
KOI-4850,1.4,1,14.147,0.1
KOI-2503,2.1,1,14.146,0.1
Kepler-1039,3,1,14.145,0.1
Kepler-1597,10,1,14.144,0.1
KOI-1145,4.1,1,14.143,0.1
KOI-2082,3.9,1,14.143,0.1
Kepler-17,4.5,1,14.141,0.1
Kepler-605,1.3,1,14.14,0.1
Kepler-1017,2,1,14.139,0.1
Kepler-124,1.3,1,14.139,0.1
Kepler-260,2.1,1,14.138,0.1
Kepler-980,2.9,1,14.138,0.1
Kepler-190,1.7,1,14.137,0.1
Kepler-1054,4,1,14.136,0.1
Kepler-1373,5.4,1,14.135,0.1
Kepler-932,2.4,1,14.131,0.1
Kepler-1440,2.4,1,14.131,0.1
Kepler-1194,1.8,1,14.129,0.1
Kepler-192,1.3,1,14.129,0.1
Kepler-343,3,1,14.128,0.1
KOI-2538,6.5,1,14.125,0.1
Kepler-324,2.1,1,14.122,0.1
KOI-4480,1.4,1,14.122,0.1
Kepler-1139,2.5,1,14.113,0.1
Kepler-556,0.8,1,14.112,0.1
Kepler-1164,3.1,1,14.11,0.1
Kepler-1590,0.3,1,14.11,0.1
KOI-415,1,1,14.11,0.1
KOI-4374,1.3,1,14.108,0.1
KOI-1963,4.6,1,14.107,0.1
Kepler-569,0.7,1,14.106,0.1
KOI-2884,3.5,1,14.103,0.1
Kepler-1117,2.3,1,14.102,0.1
Kepler-961,2.4,1,14.101,0.1
Kepler-1222,1.5,1,14.1,0.1
KOI-2219,1.7,1,14.099,0.1
Kepler-1107,3.6,1,14.098,0.1
Kepler-1587,3.5,1,14.09,0.1
Kepler-1103,7.4,1,14.09,0.1
Kepler-1397,8.2,1,14.089,0.1
KOI-2043,2.4,1,14.087,0.1
Kepler-882,1.5,1,14.083,0.1
Kepler-1344,2.4,1,14.083,0.1
KOI-1856,1.9,1,14.082,0.1
KIC 8359398,210,47,14.081,0.1
Kepler-1179,1,1,14.077,0.1
Kepler-1280,9.1,1,14.074,0.1
Kepler-307,2,1,14.072,0.1
Kepler-597,1.7,1,14.07,0.1
KIC 9575694,241,38,14.069,0.1
KIC 6204529,149,98,14.069,0.1
LAMOST J192817.82+410412.2,349,73,14.067,0.1
Kepler-1544,2.9,1,14.061,0.1
Kepler-123,5.9,1,14.061,0.1
KIC 4731525,265,115,14.06,0.1
Kepler-1457,3,1,14.06,0.1
KOI-3451,3.1,1,14.056,0.1
Kepler-848,3.9,1,14.056,0.1
Kepler-1277,1.3,1,14.05,0.1
KOI-4763,3.5,1,14.046,0.1
Kepler-923,3,1,14.042,0.1
KIC 4655612,212,127,14.041,0.1
Kepler-585,2.8,1,14.034,0.1
KOI-3358,2.6,1,14.031,0.1
Kepler-416,2.6,1,14.028,0.1
KIC 9663202,238,34,14.026,0.1
KOI-611,12.4,1,14.022,0.1
Kepler-596,3,1,14.02,0.1
Kepler-489,1.9,1,14.018,0.1
Kepler-332,1.3,1,14.017,0.1
Kepler-491,2.1,1,14.014,0.1
KOI-2733,3.7,1,14.009,0.1
Kepler-601,0.6,1,14.005,0.1
Kepler-157,1.5,1,14.002,0.1
Kepler-149,1.2,1,14.001,0.1
Kepler-1316,3,1,14,0.1
Kepler-755,2.1,1,13.999,0.1
Kepler-209,0.6,1,13.998,0.1
Kepler-216,7.1,1,13.998,0.1
KIC 10487620,211,53,13.998,0.1
KOI-1168,6.4,1,13.997,0.1
Kepler-335,6.5,1,13.996,0.1
KIC 5966824,271,93,13.994,0.1
Kepler-645,8.9,1,13.992,0.1
KIC 4648234,141,99,13.991,0.1
Kepler-203,2.8,1,13.989,0.1
Kepler-33,4.4,1,13.988,0.1
Kepler-1240,2.1,1,13.987,0.1
Kepler-387,1.3,1,13.987,0.1
KOI-4367,7.7,1,13.985,0.1
KIC 8974429,125,29,13.985,0.1
Kepler-905,1.6,1,13.984,0.1
Kepler-200,1.3,1,13.984,0.1
KOI-1944,3.2,1,13.982,0.1
KOI-4715,8.3,1,13.98,0.1
Kepler-1070,5.3,1,13.977,0.1
Kepler-772,2.6,1,13.974,0.1
Kepler-1279,7.5,1,13.973,0.1
KIC 9631366,132,73,13.972,0.1
Kepler-820,12.9,1,13.968,0.1
KIC 4750751,133,97,13.967,0.1
Kepler-218,1.4,1,13.967,0.1
Kepler-647,2.5,1,13.965,0.1
ASAS J185911+4815.8,208,25,13.965,0.1
KOI-1754,6.9,1,13.964,0.1
KOI-4771,10.7,1,13.964,0.1
Kepler-1570,2.1,1,13.961,0.1
Kepler-1569,6.6,1,13.96,0.1
Kepler-60,3,1,13.959,0.1
Kepler-43,5.4,1,13.958,0.1
KIC 5723318,149,156,13.957,0.1
Kepler-906,2.7,1,13.956,0.1
Kepler-289,5.8,1,13.956,0.1
KOI-4136,3.1,1,13.955,0.1
Kepler-458,9.3,1,13.955,0.1
Kepler-147,4.1,1,13.954,0.1
KIC 10545098,142,50,13.954,0.1
KOI-1897,2.2,1,13.952,0.1
KIC 10865206,126,31,13.951,0.1
Kepler-627,2.7,1,13.949,0.1
Kepler-214,6.5,1,13.949,0.1
Kepler-644,14.9,1,13.949,0.1
Kepler-852,8.3,1,13.949,0.1
KIC 6720541,213,45,13.947,0.1
Kepler-626,0.6,1,13.946,0.1
KOI-3641,3.3,1,13.944,0.1
Kepler-390,1.8,1,13.942,0.1
Kepler-651,0.3,1,13.94,0.1
Kepler-648,1.6,1,13.939,0.1
Kepler-886,0.9,1,13.939,0.1
Kepler-77,2,1,13.938,0.1
Kepler-478,1.7,1,13.938,0.1
Kepler-528,1.9,1,13.936,0.1
KOI-3421,7.8,1,13.935,0.1
Kepler-533,2.6,1,13.933,0.1
KIC 9723418,222,44,13.932,0.1
Kepler-1361,1.5,1,13.93,0.1
Kepler-1072,4.1,1,13.93,0.1
Kepler-1662,3.1,1,13.929,0.1
Kepler-524,3.4,1,13.928,0.1
KOI-1861,7.7,1,13.926,0.1
Kepler-1466,0.2,1,13.926,0.1
Kepler-1271,4.4,1,13.925,0.1
KOI-3823,1.5,1,13.922,0.1
KIC 6368104,163,112,13.921,0.1
2MASS J19233258+4458282,195,71,13.918,0.1
Kepler-783,1,1,13.916,0.1
KOI-682,2,1,13.916,0.1
Kepler-1327,1.5,1,13.914,0.1
Kepler-79,14,1,13.914,0.1
KOI-2807,13.8,1,13.91,0.1
Kepler-204,2.6,1,13.909,0.1
Kepler-270,5.5,1,13.908,0.1
KOI-3811,4.4,1,13.906,0.1
KIC 8052695,124,86,13.9,0.1
Kepler-1607,5.8,1,13.897,0.1
Kepler-964,4.5,1,13.895,0.1
KIC 9299986,181,77,13.894,0.1
KOI-3787,1.1,1,13.891,0.1
KIC 9269239,231,37,13.891,0.1
Kepler-1235,1.1,1,13.889,0.1
KOI-4613,0.8,1,13.885,0.1
Kepler-960,2.5,1,13.884,0.1
KOI-2840,1.8,1,13.884,0.1
KOI-2974,13.2,1,13.883,0.1
KOI-2765,3.4,1,13.883,0.1
KOI-4774,1.5,1,13.882,0.1
KIC 6368988,175,107,13.881,0.1
SPOCS 2447,287,67,13.877,0.1
KOI-4098,3.3,1,13.875,0.1
Kepler-1598,2.7,1,13.874,0.1
KIC 5359857,179,155,13.873,0.1
Kepler-202,1.6,1,13.872,0.1
KIC 11455045,230,38,13.868,0.1
Kepler-371,2,1,13.865,0.1
KOI-1032,3.2,1,13.862,0.1
KIC 5165870,163,29,13.862,0.1
Kepler-1100,2.6,1,13.862,0.1
2MASS J19282996+4901246,213,19,13.862,0.1
Kepler-377,2.6,1,13.86,0.1
KIC 9588430,139,91,13.86,0.1
KOI-3382,0.9,1,13.857,0.1
2MASS J19211336+4151184,172,34,13.857,0.1
KOI-2686,2.6,1,13.855,0.1
KIC 9206046,200,104,13.853,0.1
Kepler-1391,2.7,1,13.852,0.1
KOI-3473,5.3,1,13.851,0.1
Kepler-1371,1.5,1,13.851,0.1
KIC 10936621,180,34,13.85,0.1
Kepler-430,3.7,1,13.848,0.1
KOI-4633,5.9,1,13.848,0.1
KOI-2641,2.9,1,13.845,0.1
KIC 4764008,259,92,13.842,0.1
KOI-4060,3.2,1,13.841,0.1
Kepler-146,3.6,1,13.838,0.1
Kepler-1093,11.4,1,13.838,0.1
Kepler-476,3.1,1,13.837,0.1
LSPM J1920+4039,214,94,13.836,0.1
Kepler-1328,2,1,13.836,0.1
Kepler-1258,1.2,1,13.835,0.1
KOI-1118,3.5,1,13.835,0.1
KOI-684,2.7,1,13.831,0.1
KIC 5027063,154,97,13.83,0.1
KIC 4382700,236,47,13.83,0.1
Kepler-1173,1.9,1,13.829,0.1
Kepler-319,3.4,1,13.828,0.1
KIC 6432245,217,22,13.828,0.1
KOI-3503,1.9,1,13.827,0.1
Kepler-210,238,33,13.822,0.1
KOI-4452,1.8,1,13.821,0.1
KOI-2009,1.3,1,13.82,0.1
USNO-A2.0 1275-13153132,215,36,13.819,0.1
KIC 2996004,171,50,13.818,0.1
KOI-4651,2.7,1,13.818,0.1
KIC 4381741,235,107,13.818,0.1
KOI-4811,2.7,1,13.816,0.1
2MASS J18544660+4332242,196,27,13.816,0.1
KIC 3242039,131,40,13.815,0.1
KOI-4457,7.5,1,13.815,0.1
KOI-687,4.5,1,13.813,0.1
KIC 5552761,258,163,13.812,0.1
KOI-4156,3.4,1,13.809,0.1
Kepler-536,1.6,1,13.807,0.1
KOI-2201,7.4,1,13.806,0.1
Kepler-90,3.7,1,13.804,0.1
Kepler-9,1.1,1,13.803,0.1
KOI-4443,9.6,1,13.802,0.1
Kepler-1541,3.8,1,13.801,0.1
Kepler-1036,2.3,1,13.8,0.1
KOI-2559,2.7,1,13.799,0.1
KIC 9141060,225,52,13.798,0.1
Kepler-311,2.8,1,13.797,0.1
KOI-4251,1.8,1,13.795,0.1
Kepler-1345,7.5,1,13.791,0.1
KIC 5960966,204,77,13.79,0.1
Kepler-1479,1,1,13.785,0.1
KOI-4614,5.7,1,13.784,0.1
KIC 9595449,258,43,13.783,0.1
KIC 5702872,191,154,13.783,0.1
Kepler-930,3.7,1,13.781,0.1
Kepler-643,3.1,1,13.781,0.1
Kepler-482,2.2,1,13.779,0.1
KOI-4907,2.9,1,13.778,0.1
KOI-3340,6.5,1,13.776,0.1
Kepler-376,2.6,1,13.776,0.1
KOI-2885,1.8,1,13.776,0.1
KIC 4568936,180,54,13.775,0.1
KOI-4567,10.5,1,13.775,0.1
KOI-4744,3.2,1,13.773,0.1
Kepler-112,0.8,1,13.771,0.1
Kepler-460,5.1,1,13.771,0.1
Kepler-143,2.4,1,13.77,0.1
Kepler-101,2.5,1,13.77,0.1
KOI-3541,6.6,1,13.769,0.1
Kepler-1571,3.1,1,13.767,0.1
KIC 10965642,132,61,13.767,0.1
KIC 11825198,241,166,13.767,0.1
Kepler-958,2.1,1,13.766,0.1
Kepler-646,0.5,1,13.766,0.1
Kepler-1601,2.1,1,13.764,0.1
Kepler-219,3.5,1,13.764,0.1
KIC 5637994,194,74,13.763,0.1
Kepler-529,4.9,1,13.763,0.1
Kepler-15,2.9,1,13.758,0.1
Kepler-922,0.3,1,13.757,0.1
Kepler-1332,1,1,13.756,0.1
KIC 6700200,250,34,13.756,0.1
Kepler-1064,1.6,1,13.755,0.1
KOI-3130,1.6,1,13.752,0.1
KIC 8125652,238,101,13.751,0.1
KOI-1242,5.5,1,13.75,0.1
Kepler-221,4.5,1,13.749,0.1
Kepler-804,1.3,1,13.749,0.1
Kepler-69,1.4,1,13.749,0.1
Kepler-208,5.1,1,13.749,0.1
KOI-1857,2.8,1,13.748,0.1
Kepler-1114,1.4,1,13.747,0.1
Kepler-1482,1.9,1,13.747,0.1
Kepler-1081,1.7,1,13.746,0.1
KOI-1812,2.4,1,13.742,0.1
KIC 11455028,173,34,13.739,0.1
Kepler-114,3.1,1,13.738,0.1
KIC 4471819,131,73,13.736,0.1
Kepler-969,2.9,1,13.733,0.1
KIC 6611650,121,141,13.733,0.1
KOI-3891,2.7,1,13.731,0.1
KOI-4647,3,1,13.726,0.1
Kepler-62,0.6,1,13.725,0.1
KOI-644,1.6,1,13.725,0.1
KIC 11145063,184,36,13.722,0.1
Kepler-640,1.8,1,13.721,0.1
KOI-712,1.4,1,13.72,0.1
Kepler-116,7.9,1,13.717,0.1
Kepler-633,2.3,1,13.716,0.1
Kepler-1383,6,1,13.716,0.1
KOI-2120,2.7,1,13.714,0.1
KOI-683,1.4,1,13.714,0.1
KOI-2522,2.5,1,13.713,0.1
Kepler-1501,3.7,1,13.71,0.1
Kepler-1398,3.3,1,13.71,0.1
KIC 8552365,233,22,13.71,0.1
Kepler-11,0.9,1,13.709,0.1
KOI-1375,8.8,1,13.709,0.1
KOI-1985,2.7,1,13.708,0.1
KOI-704,1.8,1,13.704,0.1
Kepler-461,7.7,1,13.704,0.1
Kepler-268,5.2,1,13.703,0.1
KIC 4929016,138,81,13.702,0.1
Kepler-1370,6.3,1,13.701,0.1
KOI-3021,2.9,1,13.7,0.1
Kepler-472,2.9,1,13.698,0.1
KOI-1984,4.2,1,13.698,0.1
KIC 12167275,275,38,13.698,0.1
KOI-4665,2.3,1,13.696,0.1
KOI-4343,3.5,1,13.694,0.1
Kepler-326,4.7,1,13.693,0.1
Kepler-1428,17.3,1,13.688,0.1
Kepler-831,1.6,1,13.687,0.1
KOI-141,3,1,13.687,0.1
SPOCS 2457,194,53,13.687,0.1
KIC 5530330,152,127,13.686,0.1
KOI-4014,3.5,1,13.685,0.1
KOI-4634,3.2,1,13.685,0.1
Kepler-650,2.1,1,13.684,0.1
KIC 6365943,129,88,13.684,0.1
KIC 9174536,169,58,13.679,0.1
KIC 8802684,195,35,13.678,0.1
KIC 5888474,120,88,13.677,0.1
KIC 5470396,252,128,13.677,0.1
KOI-134,11.1,1,13.675,0.1
KIC 9392349,224,47,13.675,0.1
KIC 4772421,163,63,13.672,0.1
Kepler-803,2.7,1,13.672,0.1
Kepler-986,1.8,1,13.668,0.1
KOI-4066,12.7,1,13.666,0.1
KOI-4426,7.6,1,13.665,0.1
KOI-4659,1.3,1,13.664,0.1
Kepler-364,5.8,1,13.66,0.1
KOI-2769,2.8,1,13.66,0.1
Kepler-1278,4.2,1,13.658,0.1
Kepler-1620,2.5,1,13.658,0.1
KOI-2470,3,1,13.655,0.1
Kepler-380,3.7,1,13.652,0.1
KIC 3750812,177,76,13.65,0.1
Kepler-213,2.3,1,13.648,0.1
KIC 11714250,337,89,13.646,0.1
Kepler-654,2,1,13.645,0.1
KOI-388,3.9,1,13.644,0.1
Kepler-435,6.4,1,13.643,0.1
KOI-1206,5.3,1,13.642,0.1
Kepler-400,4,1,13.642,0.1
KIC 9238276,122,108,13.64,0.1
KIC 8113625,229,51,13.636,0.1
Kepler-1558,3.7,1,13.632,0.1
KOI-1271,6.9,1,13.632,0.1
KOI-1863,4.7,1,13.631,0.1
Kepler-1617,2,1,13.63,0.1
KOI-4603,8.1,1,13.629,0.1
KOI-2582,3.5,1,13.628,0.1
Kepler-1158,7.6,1,13.628,0.1
KOI-1917,3.2,1,13.624,0.1
KOI-1010,7.5,1,13.62,0.1
Kepler-1424,0.9,1,13.619,0.1
KOI-2740,6.8,1,13.617,0.1
Kepler-746,1.7,1,13.615,0.1
Kepler-1338,2.3,1,13.615,0.1
KOI-4505,5.7,1,13.615,0.1
Kepler-1269,4.5,1,13.611,0.1
KOI-3889,1.7,1,13.608,0.1
KOI-145,2.4,1,13.608,0.1
Kepler-1618,10.7,1,13.606,0.1
KOI-2481,4.1,1,13.605,0.1
KOI-1928,2.9,1,13.605,0.1
Kepler-839,3.7,1,13.601,0.1
KOI-4833,2.3,1,13.6,0.1
Kepler-336,5.8,1,13.598,0.1
Kepler-198,3.1,1,13.597,0.1
Kepler-199,1.4,1,13.595,0.1
KIC 6445601,187,64,13.595,0.1
KOI-1208,8.1,1,13.594,0.1
KOI-650,0.8,1,13.594,0.1
KOI-4674,1.4,1,13.59,0.1
KIC 9840159,232,41,13.588,0.1
KOI-349,4.2,1,13.586,0.1
Kepler-384,1.6,1,13.584,0.1
Kepler-1563,3,1,13.583,0.1
KOI-4323,11,1,13.582,0.1
Kepler-744,1.6,1,13.581,0.1
Kepler-215,0.6,1,13.58,0.1
KOI-686,1.3,1,13.579,0.1
KOI-2398,8.2,1,13.579,0.1
Kepler-1218,2.4,1,13.578,0.1
KIC 8609873,263,37,13.578,0.1
Kepler-543,3.2,1,13.577,0.1
Kepler-962,3.3,1,13.576,0.1
Kepler-479,0.6,1,13.575,0.1
Kepler-914,3.2,1,13.574,0.1
KOI-3052,3.4,1,13.573,0.1
Kepler-1025,4.3,1,13.573,0.1
Kepler-361,7.6,1,13.573,0.1
KOI-4245,5.9,1,13.572,0.1
Kepler-8,10.2,1,13.563,0.1
KIC 5977646,213,152,13.563,0.1
Kepler-261,3.3,1,13.562,0.1
KOI-2676,4.6,1,13.56,0.1
KOI-3608,2.1,1,13.556,0.1
KOI-4773,6.1,1,13.556,0.1
KOI-4581,2.1,1,13.549,0.1
Kepler-18,0,1,13.549,0.1
KOI-4839,3.2,1,13.547,0.1
KIC 3957292,157,102,13.545,0.1
KIC 4390899,126,93,13.542,0.1
Kepler-544,8,1,13.542,0.1
KIC 5297474,122,80,13.54,0.1
Kepler-1256,5,1,13.539,0.1
KOI-1639,5.9,1,13.538,0.1
Kepler-477,0.9,1,13.536,0.1
Kepler-984,1.3,1,13.534,0.1
Kepler-638,1.7,1,13.532,0.1
Kepler-322,2.5,1,13.53,0.1
KOI-2815,1.9,1,13.529,0.1
KIC 11869338,268,45,13.527,0.1
KOI-2358,13.6,1,13.524,0.1
Kepler-532,2.4,1,13.524,0.1
KIC 7979499,276,67,13.523,0.1
KOI-4653,7.5,1,13.52,0.1
KOI-4123,4,1,13.519,0.1
KIC 5121003,210,133,13.518,0.1
KIC 7200731,204,23,13.518,0.1
KIC 4379451,311,82,13.517,0.1
KOI-4435,8.8,1,13.517,0.1
KOI-2083,5.6,1,13.516,0.1
KOI-4605,4.4,1,13.515,0.1
KIC 9140459,264,29,13.512,0.1
KOI-5617,197,33,13.511,0.1
2MASS J19415041+4912599,254,27,13.511,0.1
KIC 4372213,259,24,13.509,0.1
Kepler-1499,3.4,1,13.509,0.1
Kepler-775,0.7,1,13.507,0.1
KOI-4129,1.7,1,13.506,0.1
KIC 6285848,136,92,13.502,0.1
Kepler-631,7.4,1,13.5,0.1
KIC 6619469,235,111,13.5,0.1
Kepler-1616,9.5,1,13.499,0.1
KIC 6865518,127,85,13.499,0.1
KOI-1311,2.2,1,13.498,0.1
Kepler-1651,168,158,13.496,0.1
KIC 10355273,229,52,13.496,0.1
Kepler-474,1.4,1,13.494,0.1
Kepler-111,2.8,1,13.492,0.1
Kepler-624,4,1,13.49,0.1
Kepler-655,5.6,1,13.489,0.1
Kepler-206,0.7,1,13.484,0.1
KOI-2159,2.4,1,13.482,0.1
KIC 7299808,174,116,13.479,0.1
2MASS J19341016+3846566,139,60,13.478,0.1
Kepler-320,6.9,1,13.474,0.1
KOI-4822,2.6,1,13.474,0.1
KOI-4184,5,1,13.473,0.1
KOI-4546,3.4,1,13.469,0.1
KOI-2631,2.2,1,13.468,0.1
Kepler-1193,3.6,1,13.467,0.1
KOI-2581,2.1,1,13.463,0.1
KOI-2690,3.7,1,13.461,0.1
Kepler-113,2.2,1,13.461,0.1
KOI-1431,0.3,1,13.46,0.1
KOI-2677,6.6,1,13.46,0.1
Kepler-794,3.5,1,13.459,0.1
KOI-2925,1.4,1,13.458,0.1
Kepler-392,1.8,1,13.455,0.1
KIC 9606336,158,53,13.453,0.1
KIC 2859701,191,71,13.453,0.1
2MASS J19151823+4452491,229,26,13.449,0.1
Kepler-141,1.9,1,13.448,0.1
Kepler-1547,2.7,1,13.447,0.1
Kepler-826,2.5,1,13.446,0.1
KIC 6131060,170,133,13.446,0.1
KOI-2081,2.8,1,13.439,0.1
Kepler-23,1.4,1,13.438,0.1
Kepler-12,1.7,1,13.438,0.1
Kepler-649,0,1,13.437,0.1
KIC 9578842,197,40,13.437,0.1
Kepler-542,0.4,1,13.435,0.1
Kepler-422,1.9,1,13.435,0.1
Kepler-483,11.1,1,13.432,0.1
Kepler-115,3.5,1,13.431,0.1
KOI-3100,3,1,13.429,0.1
Kepler-978,6.1,1,13.429,0.1
KOI-3338,2.1,1,13.427,0.1
Kepler-1004,3.1,1,13.427,0.1
KIC 4658442,174,35,13.422,0.1
Kepler-1560,3.5,1,13.421,0.1
Kepler-1365,1.8,1,13.421,0.1
Kepler-277,2.9,1,13.42,0.1
Kepler-637,8.8,1,13.413,0.1
KIC 6525026,147,91,13.409,0.1
KOI-1864,2.1,1,13.405,0.1
KIC 3449953,269,124,13.404,0.1
Kepler-271,0.6,1,13.404,0.1
Kepler-530,0,1,13.4,0.1
2MASS J19315821+4220346,213,101,13.398,0.1
Kepler-473,2.6,1,13.397,0.1
Kepler-1008,2.7,1,13.395,0.1
Kepler-1512,4.6,1,13.393,0.1
Kepler-652,0.6,1,13.393,0.1
Kepler-527,8.3,1,13.39,0.1
Kepler-992,2.8,1,13.389,0.1
KOI-2516,2.6,1,13.388,0.1
KIC 5551661,122,122,13.387,0.1
KOI-350,1.4,1,13.387,0.1
Kepler-653,1.3,1,13.387,0.1
KIC 5531657,124,70,13.386,0.1
Kepler-1213,3.9,1,13.386,0.1
Kepler-1622,6.8,1,13.385,0.1
KIC 5446798,400,0,13.383,0.1
Kepler-1293,7.2,1,13.383,0.1
Kepler-1576,6.4,1,13.382,0.1
Kepler-1082,1.6,1,13.38,0.1
2MASS J19243078+4748082,123,82,13.38,0.1
Kepler-1347,1.6,1,13.38,0.1
KIC 11517934,173,25,13.379,0.1
KOI-1411,2.6,1,13.377,0.1
KIC 6221371,126,134,13.376,0.1
KIC 9173541,153,46,13.374,0.1
KOI-3128,5.3,1,13.371,0.1
Kepler-5,4.4,1,13.369,0.1
KOI-4725,2.8,1,13.367,0.1
KOI-703,7.5,1,13.361,0.1
Kepler-629,0.6,1,13.359,0.1
Kepler-379,4.9,1,13.358,0.1
KOI-5153,142,53,13.357,0.1
KOI-2319,4.7,1,13.355,0.1
Kepler-421,1.4,1,13.354,0.1
Kepler-363,3.2,1,13.353,0.1
Kepler-1602,4.2,1,13.352,0.1
Kepler-1047,4.6,1,13.351,0.1
Kepler-965,2.9,1,13.35,0.1
Kepler-1311,1.8,1,13.349,0.1
Kepler-1393,2.3,1,13.348,0.1
2MASS J19552478+4704580,142,108,13.348,0.1
KOI-2915,0.8,1,13.346,0.1
Kepler-956,3.3,1,13.345,0.1
Kepler-642,12.7,1,13.343,0.1
Kepler-475,1.3,1,13.341,0.1
Kepler-1619,1.4,1,13.341,0.1
Kepler-531,0.9,1,13.34,0.1
KOI-1901,4.4,1,13.34,0.1
KOI-4257,3,1,13.34,0.1
KIC 8364412,172,37,13.34,0.1
KIC 8582406,138,93,13.339,0.1
Kepler-414,1.9,1,13.338,0.1
KOI-3936,5.8,1,13.336,0.1
Kepler-639,2,1,13.336,0.1
Kepler-773,2.3,1,13.333,0.1
Kepler-632,0.9,1,13.332,0.1
Kepler-795,2.2,1,13.331,0.1
KOI-3023,6.9,1,13.33,0.1
KIC 6064237,270,74,13.33,0.1
KOI-2979,1.9,1,13.328,0.1
Kepler-1040,2.2,1,13.328,0.1
Kepler-780,3.8,1,13.326,0.1
KIC 5567711,159,101,13.324,0.1
2MASS J19522123+4508258,218,112,13.322,0.1
Kepler-1288,18.1,1,13.321,0.1
KOI-379,7.5,1,13.319,0.1
Kepler-1012,2.7,1,13.317,0.1
KOI-2949,2.8,1,13.313,0.1
Kepler-401,5.8,1,13.312,0.1
Kepler-635,7.8,1,13.31,0.1
KOI-3017,0.7,1,13.308,0.1
KOI-3046,2.5,1,13.308,0.1
Kepler-625,5.4,1,13.307,0.1
Kepler-6,2.6,1,13.303,0.1
Kepler-915,7.6,1,13.298,0.1
Kepler-318,7,1,13.297,0.1
Kepler-217,15,1,13.294,0.1
KOI-1738,2.3,1,13.293,0.1
KOI-375,2.7,1,13.293,0.1
Kepler-784,4.4,1,13.29,0.1
Kepler-1046,4.8,1,13.286,0.1
Kepler-211,2.8,1,13.283,0.1
KIC 11152057,218,32,13.283,0.1
Kepler-541,5.7,1,13.281,0.1
KIC 11240278,127,19,13.271,0.1
KOI-4022,6.8,1,13.269,0.1
Kepler-402,6.3,1,13.268,0.1
KOI-3425,6.4,1,13.266,0.1
Kepler-1061,4.5,1,13.263,0.1
KOI-4269,2.6,1,13.263,0.1
KOI-1803,2.8,1,13.26,0.1
KIC 6390424,194,25,13.259,0.1
Kepler-1000,17.1,1,13.256,0.1
Kepler-1005,1.6,1,13.25,0.1
KOI-1169,0.2,1,13.248,0.1
Kepler-815,2.9,1,13.242,0.1
KOI-4657,0.5,1,13.241,0.1
Kepler-971,7.1,1,13.237,0.1
KOI-3890,3.3,1,13.226,0.1
KOI-2640,3.6,1,13.226,0.1
KOI-4235,13.6,1,13.224,0.1
Kepler-393,14.4,1,13.223,0.1
KIC 8908544,124,82,13.223,0.1
KOI-4864,2.9,1,13.221,0.1
Kepler-1412,2.4,1,13.219,0.1
Kepler-973,2,1,13.218,0.1
Kepler-1533,7.1,1,13.215,0.1
KOI-3500,6.9,1,13.214,0.1
KIC 1160891,160,76,13.21,0.1
Kepler-982,4.2,1,13.205,0.1
Kepler-1485,3.9,1,13.204,0.1
Kepler-142,2.1,1,13.203,0.1
KIC 10427093,176,35,13.202,0.1
KOI-3422,5.2,1,13.201,0.1
Kepler-1051,10,1,13.2,0.1
KIC 3634755,123,26,13.198,0.1
Kepler-1531,6.6,1,13.194,0.1
Kepler-207,5.3,1,13.182,0.1
KOI-177,1.9,1,13.182,0.1
Kepler-212,3.8,1,13.178,0.1
Kepler-220,3.1,1,13.177,0.1
Kepler-535,4.9,1,13.174,0.1
KOI-4575,5.8,1,13.174,0.1
KOI-3117,1.8,1,13.163,0.1
KIC 5767489,221,55,13.155,0.1
Kepler-1069,2.7,1,13.153,0.1
KIC 8803979,244,59,13.148,0.1
KOI-2960,3,1,13.147,0.1
Kepler-342,9.5,1,13.147,0.1
KOI-64,2,1,13.143,0.1
KOI-3991,6.6,1,13.14,0.1
KOI-1315,4.7,1,13.137,0.1
KIC 6293204,153,96,13.137,0.1
Kepler-1507,2.8,1,13.136,0.1
KOI-4188,4.2,1,13.128,0.1
Kepler-1050,2.5,1,13.127,0.1
KOI-2891,5.7,1,13.126,0.1
KIC 5808439,132,51,13.12,0.1
KOI-2001,3.1,1,13.115,0.1
Kepler-88,0,1,13.113,0.1
Kepler-1488,3.9,1,13.102,0.1
Kepler-537,0.7,1,13.1,0.1
KIC 5792658,124,40,13.1,0.1
KOI-4423,9.2,1,13.099,0.1
Kepler-1586,5,1,13.096,0.1
KIC 4149420,123,110,13.095,0.1
KIC 6549623,245,31,13.091,0.1
Kepler-1055,3.9,1,13.09,0.1
Kepler-884,3.1,1,13.069,0.1
KOI-2984,6.3,1,13.066,0.1
KIC 7134626,216,43,13.063,0.1
Kepler-1452,7.3,1,13.062,0.1
KOI-340,7.1,1,13.057,0.1
G 205-48,290,120,13.056,0.1
Kepler-942,2.9,1,13.054,0.1
KOI-2158,1.8,1,13.052,0.1
KIC 2301872,136,88,13.052,0.1
KOI-2486,5.8,1,13.047,0.1
Kepler-888,0.4,1,13.046,0.1
Kepler-526,2.9,1,13.046,0.1
Kepler-48,0.3,1,13.04,0.1
Kepler-264,9,1,13.038,0.1
Kepler-1199,2.3,1,13.037,0.1
KOI-635,6,1,13.034,0.1
KOI-4296,0.9,1,13.03,0.1
Kepler-883,1,1,13.029,0.1
KOI-2332,2.3,1,13.024,0.1
Kepler-484,0.8,1,13.024,0.1
KOI-360,2.9,1,13.021,0.1
KOI-4580,2,1,13.01,0.1
KOI-2741,0.8,1,13.009,0.1
KIC 8126371,158,44,13.009,0.1
Kepler-1066,6,1,13.007,0.1
Kepler-391,2.9,1,13.007,0.1
Kepler-419,13.6,1,13.005,0.1
Kepler-201,2.7,1,13.004,0.1
KOI-2370,19.1,1,13.003,0.1
KOI-4775,2.9,1,12.999,0.1
KOI-2659,2.9,1,12.998,0.1
Kepler-140,4.4,1,12.996,0.1
KOI-3075,0.1,1,12.994,0.1
KIC 9666621,126,87,12.993,0.1
Kepler-356,6.8,1,12.992,0.1
KIC 7363238,152,25,12.992,0.1
Kepler-137,0.1,1,12.99,0.1
KOI-1878,6.9,1,12.988,0.1
Kepler-796,2.8,1,12.988,0.1
Kepler-1505,8,1,12.988,0.1
KIC 4379301,261,107,12.987,0.1
Kepler-1035,2.7,1,12.987,0.1
KIC 8245192,138,49,12.987,0.1
KOI-2312,6.5,1,12.982,0.1
2MASS J19284396+4112456,200,38,12.976,0.1
Kepler-954,4.3,1,12.971,0.1
Kepler-99,0.9,1,12.97,0.1
KOI-315,1.8,1,12.968,0.1
KOI-99,0.4,1,12.96,0.1
Kepler-352,3,1,12.957,0.1
KIC 5300719,184,55,12.956,0.1
Kepler-1087,1.6,1,12.953,0.1
Kepler-312,10.4,1,12.949,0.1
KOI-399,6.4,1,12.947,0.1
KIC 2984505,167,36,12.941,0.1
KOI-2479,2.9,1,12.939,0.1
Kepler-1435,9.6,1,12.938,0.1
Kepler-513,1.8,1,12.935,0.1
Kepler-110,3.3,1,12.935,0.1
KOI-3864,4.4,1,12.914,0.1
KOI-4588,7.3,1,12.912,0.1
KOI-4887,4.8,1,12.905,0.1
KIC 7708789,235,42,12.901,0.1
KOI-1715,1.1,1,12.9,0.1
Kepler-98,0.2,1,12.899,0.1
Kepler-1583,1.9,1,12.897,0.1
Kepler-94,1.3,1,12.895,0.1
KOI-4881,9.4,1,12.892,0.1
2MASS J19272164+3659509,167,107,12.889,0.1
KOI-4699,5,1,12.889,0.1
Kepler-1513,1.5,1,12.888,0.1
Kepler-1276,6.2,1,12.885,0.1
Kepler-521,15.9,1,12.885,0.1
Kepler-7,3.7,1,12.885,0.1
Kepler-106,0.6,1,12.882,0.1
Kepler-367,3.2,1,12.879,0.1
Kepler-97,0,1,12.872,0.1
Kepler-463,0,1,12.87,0.1
KOI-2657,0.8,1,12.869,0.1
Kepler-1224,5.3,1,12.867,0.1
KIC 6447258,122,93,12.865,0.1
KOI-3111,2.6,1,12.863,0.1
KOI-2970,5.1,1,12.861,0.1
Kepler-1521,4.9,1,12.86,0.1
KIC 4375925,154,37,12.859,0.1
Kepler-1385,2.2,1,12.858,0.1
KIC 8098181,188,19,12.858,0.1
KOI-3083,2.3,1,12.857,0.1
KIC 9653110,179,24,12.857,0.1
KOI-4037,7.3,1,12.853,0.1
Kepler-1027,3.5,1,12.852,0.1
Kepler-849,4.9,1,12.849,0.1
Kepler-133,4,1,12.848,0.1
Kepler-368,3,1,12.848,0.1
KOI-3087,0.9,1,12.837,0.1
KIC 6523259,142,96,12.833,0.1
KOI-4226,4.9,1,12.83,0.1
KOI-1796,4.3,1,12.829,0.1
KOI-2829,3.4,1,12.824,0.1
KOI-328,2.3,1,12.82,0.1
Kepler-1015,18.6,1,12.818,0.1
Kepler-1300,7,1,12.816,0.1
Kepler-774,9.6,1,12.808,0.1
Kepler-403,4.9,1,12.805,0.1
KIC 10802309,173,31,12.804,0.1
KOI-4053,4.4,1,12.801,0.1
Kepler-520,5.4,1,12.797,0.1
KIC 5477601,123,81,12.793,0.1
Kepler-105,2.9,1,12.791,0.1
KOI-4421,5.2,1,12.788,0.1
Kepler-1421,6.2,1,12.788,0.1
Kepler-782,1,1,12.783,0.1
KIC 8838620,136,49,12.783,0.1
Kepler-334,2.4,1,12.776,0.1
Kepler-466,2.9,1,12.772,0.1
KOI-2879,1.8,1,12.771,0.1
Kepler-1248,5.8,1,12.77,0.1
KOI-373,1.3,1,12.765,0.1
Kepler-511,1.9,1,12.747,0.1
KIC 10360294,158,44,12.746,0.1
KOI-2781,1.4,1,12.743,0.1
KOI-2971,14.9,1,12.742,0.1
Kepler-1525,2.4,1,12.737,0.1
Kepler-135,5.5,1,12.73,0.1
Kepler-337,2.1,1,12.727,0.1
Kepler-323,3.1,1,12.722,0.1
KIC 6365649,348,39,12.719,0.1
Kepler-1169,4.5,1,12.716,0.1
KOI-319,5.3,1,12.711,0.1
Kepler-889,3.1,1,12.71,0.1
Kepler-321,2.9,1,12.706,0.1
Kepler-464,3.9,1,12.702,0.1
Kepler-139,1.4,1,12.701,0.1
KOI-4004,6.9,1,12.697,0.1
KOI-4157,10.2,1,12.692,0.1
Kepler-1382,7.5,1,12.683,0.1
KOI-2228,12.7,1,12.678,0.1
KOI-4273,5.7,1,12.677,0.1
KIC 10961247,151,77,12.676,0.1
Kepler-512,4.4,1,12.674,0.1
KOI-4431,9.7,1,12.674,0.1
Kepler-465,7,1,12.663,0.1
Kepler-108,3.2,1,12.654,0.1
KOI-3132,12,1,12.649,0.1
KOI-2603,9.7,1,12.643,0.1
KOI-4482,6.5,1,12.642,0.1
KOI-3907,18.4,1,12.642,0.1
Kepler-1542,1.1,1,12.639,0.1
KOI-4198,5.8,1,12.638,0.1
KIC 1867630,128,101,12.634,0.1
Kepler-519,2.6,1,12.63,0.1
KOI-3943,7.8,1,12.626,0.1
KOI-3876,9.9,1,12.624,0.1
KOI-2583,0.4,1,12.623,0.1
Kepler-86,2,1,12.62,0.1
KOI-2367,6.3,1,12.618,0.1
KIC 2582166,133,104,12.606,0.1
KIC 6367159,149,67,12.603,0.1
KOI-2833,5,1,12.599,0.1
Kepler-104,0,1,12.596,0.1
KOI-103,0.2,1,12.593,0.1
Kepler-1141,3.3,1,12.589,0.1
KOI-4318,18.1,1,12.583,0.1
Kepler-1395,5.2,1,12.581,0.1
KOI-2969,5.2,1,12.567,0.1
KOI-102,1.7,1,12.566,0.1
Kepler-1580,8.2,1,12.561,0.1
Kepler-314,2.7,1,12.557,0.1
KOI-2831,4.5,1,12.557,0.1
Kepler-348,15.2,1,12.556,0.1
Kepler-743,0.6,1,12.55,0.1
Kepler-518,1.5,1,12.549,0.1
Kepler-805,6.2,1,12.547,0.1
Kepler-407,0.6,1,12.521,0.1
KOI-4011,3.8,1,12.521,0.1
Kepler-406,0.3,1,12.52,0.1
TYC 3125-3740-1,120,32,12.518,0.1
KOI-4409,3.8,1,12.515,0.1
KIC 4649238,139,107,12.515,0.1
ROTSE1 J184556.86+471914.4,221,10,12.511,0.1
KOI-3103,3.4,1,12.506,0.1
Kepler-20,0,1,12.498,0.1
KOI-3254,2.7,1,12.496,0.1
KOI-1808,6.7,1,12.487,0.1
Kepler-107,3.1,1,12.487,0.1
Kepler-378,3.4,1,12.485,0.1
TYC 3134-1817-1,195,46,12.479,0.1
Kepler-1209,6.6,1,12.476,0.1
TYC 3554-447-1,164,43,12.471,0.1
Kepler-523,4.7,1,12.465,0.1
Kepler-1253,1.8,1,12.464,0.1
Kepler-136,9.6,1,12.459,0.1
KOI-2848,2.8,1,12.458,0.1
KOI-3251,3.8,1,12.452,0.1
Kepler-858,0.7,1,12.45,0.1
KOI-8,3,1,12.45,0.1
KOI-1822,4.5,1,12.443,0.1
Kepler-56,3.2,1,12.44,0.1
KOI-3249,4.1,1,12.434,0.1
Kepler-1312,7.7,1,12.43,0.1
Kepler-1605,2.8,1,12.429,0.1
KOI-2737,2.3,1,12.428,0.1
UCAC3 281-150921,183,126,12.42,0.1
KIC 4751196,137,59,12.419,0.1
KOI-3248,1.6,1,12.419,0.1
Kepler-1446,3.8,1,12.411,0.1
Kepler-1323,4.6,1,12.41,0.1
Kepler-1445,3.6,1,12.405,0.1
Kepler-1130,0.3,1,12.404,0.1
Kepler-1581,3.7,1,12.4,0.1
KIC 6867704,141,53,12.4,0.1
KIC 4566878,141,101,12.394,0.1
Kepler-447,6.9,1,12.394,0.1
KOI-113,2.3,1,12.394,0.1
Kepler-539,3,1,12.391,0.1
KOI-3244,3.9,1,12.391,0.1
Kepler-467,2.1,1,12.377,0.1
TYC 3136-1401-1,127,80,12.374,0.1
TYC 3131-1204-1,151,119,12.373,0.1
Kepler-109,2.8,1,12.365,0.1
KOI-308,10,1,12.351,0.1
Kepler-95,0.9,1,12.346,0.1
KOI-3240,5.4,1,12.341,0.1
KOI-1947,3.1,1,12.335,0.1
KOI-3239,5.7,1,12.334,0.1
KOI-6527,152,54,12.328,0.1
KOI-1463,10.3,1,12.328,0.1
KOI-4686,3.8,1,12.327,0.1
Kepler-1444,4.9,1,12.325,0.1
Kepler-134,2,1,12.324,0.1
KOI-2636,3,1,12.32,0.1
Kepler-853,13.8,1,12.32,0.1
KOI-3236,13.4,1,12.31,0.1
Kepler-1339,3.2,1,12.299,0.1
Kepler-103,3.1,1,12.287,0.1
KIC 11819949,158,52,12.279,0.1
Kepler-1443,11.6,1,12.278,0.1
KOI-3114,8.7,1,12.277,0.1
KOI-3233,1.7,1,12.267,0.1
KOI-1230,3.9,1,12.263,0.1
KOI-2803,2.7,1,12.258,0.1
KOI-3232,3.8,1,12.253,0.1
[DCO2008] T-Lyr1-03925,121,26,12.253,0.1
KIC 9913134,211,35,12.252,0.1
Kepler-1219,5.5,1,12.249,0.1
TYC 3144-1309-1,145,103,12.244,0.1
Kepler-999,10.5,1,12.239,0.1
Kepler-411,3.8,1,12.231,0.1
KOI-3871,3.3,1,12.224,0.1
KOI-3227,3.1,1,12.222,0.1
KIC 9331032,221,53,12.221,0.1
Kepler-4,2.8,1,12.211,0.1
Kepler-522,13.5,1,12.211,0.1
Kepler-540,0.5,1,12.209,0.1
KOI-3225,2.3,1,12.207,0.1
Kepler-89,7.4,1,12.205,0.1
KOI-1222,3.1,1,12.203,0.1
KOI-371,2.3,1,12.193,0.1
Kepler-517,1.3,1,12.193,0.1
KOI-3224,2.6,1,12.192,0.1
Kepler-1104,16.4,1,12.189,0.1
Kepler-432,3,1,12.183,0.1
Kepler-514,7,1,12.182,0.1
TYC 3541-331-1,122,24,12.176,0.1
Kepler-1163,7.9,1,12.168,0.1
KOI-6,11.8,1,12.161,0.1
Kepler-953,3.8,1,12.16,0.1
KIC 10004660,229,48,12.149,0.1
KOI-2755,2.2,1,12.147,0.1
Kepler-1442,12.8,1,12.146,0.1
[DCO2008] T-Lyr1-02438,229,40,12.144,0.1
Kepler-14,7.4,1,12.128,0.1
NGC 6866 10,130,103,12.124,0.1
Kepler-338,5.1,1,12.119,0.1
TYC 3543-2942-1,144,108,12.119,0.1
KOI-3218,3.9,1,12.107,0.1
Kepler-1434,10.1,1,12.086,0.1
TYC 3146-191-1,191,75,12.08,0.1
Kepler-1121,8.8,1,12.071,0.1
KOI-3908,4.3,1,12.07,0.1
Kepler-1515,10.7,1,12.04,0.1
KOI-1623,2.1,1,12.037,0.1
KOI-3215,2.2,1,12.023,0.1
KOI-4329,7.9,1,12.018,0.1
KOI-3214,5,1,12.014,0.1
Kepler-1408,5.4,1,12.003,0.1
Kepler-507,2.3,1,11.994,0.1
Kepler-144,6.8,1,11.992,0.1
KOI-4556,3.5,1,11.981,0.1
ROTSE1 J190922.30+381930.4,313,32,11.975,0.1
Kepler-431,5.2,1,11.973,0.1
KOI-4399,1.8,1,11.965,0.1
Kepler-510,0.1,1,11.947,0.1
UPM J1928+4801,269,105,11.946,0.1
TYC 2666-234-1,154,111,11.943,0.1
Kepler-145,6.7,1,11.931,0.1
KOI-1316,3.9,1,11.926,0.1
TYC 3148-1801-1,152,57,11.923,0.1
Kepler-396,3.6,1,11.921,0.1
KOI-2968,7.4,1,11.912,0.1
KOI-2896,14.9,1,11.899,0.1
Kepler-19,0,1,11.898,0.1
Kepler-997,6.6,1,11.894,0.1
KOI-3208,2.5,1,11.893,0.1
KOI-2758,4,1,11.893,0.1
KIC 5127106,204,28,11.878,0.1
Kepler-36,4.9,1,11.866,0.1
Kepler-1088,3.6,1,11.863,0.1
Kepler-911,5.9,1,11.855,0.1
Kepler-509,2.4,1,11.854,0.1
TYC 3138-1184-1,165,66,11.838,0.1
KIC 10489286,150,36,11.836,0.1
KOI-2612,2.4,1,11.83,0.1
KOI-2462,5.7,1,11.821,0.1
Kepler-132,3.5,1,11.818,0.1
Kepler-197,0.6,1,11.811,0.1
KIC 10080943,129,70,11.811,0.1
Kepler-1394,9.9,1,11.801,0.1
Kepler-1313,6.8,1,11.799,0.1
KOI-3202,3.2,1,11.784,0.1
KOI-3201,0.9,1,11.766,0.1
KOI-1619,2.7,1,11.759,0.1
KOI-4582,2.1,1,11.756,0.1
KOI-1120,4.8,1,11.753,0.1
Kepler-1274,6.8,1,11.752,0.1
KOI-2771,4.2,1,11.751,0.1
TYC 3139-2499-1,144,118,11.75,0.1
KOI-1537,6.2,1,11.74,0.1
Kepler-806,0.3,1,11.731,0.1
KOI-7263,236,111,11.727,0.1
KOI-3818,157,124,11.721,0.1
Kepler-1285,7.4,1,11.714,0.1
Kepler-1002,7.2,1,11.704,0.1
KIC 11073910,127,41,11.701,0.1
Kepler-129,2.9,1,11.696,0.1
KOI-7395,132,106,11.696,0.1
Kepler-1514,8.1,1,11.69,0.1
Kepler-450,12.9,1,11.684,0.1
KOI-2295,4.1,1,11.671,0.1
KOI-92,2.7,1,11.667,0.1
Kepler-22,0,1,11.664,0.1
TYC 3139-291-1,123,107,11.645,0.1
KOI-2590,10.2,1,11.638,0.1
Kepler-910,10.1,1,11.6,0.1
TYC 3560-3023-1,250,30,11.599,0.1
Kepler-63,4.8,1,11.582,0.1
KOI-3198,156,145,11.575,0.1
Kepler-92,4,1,11.565,0.1
Kepler-78,2,1,11.551,0.1
Kepler-909,5.3,1,11.538,0.1
KOI-3197,7.4,1,11.531,0.1
Kepler-130,0.9,1,11.529,0.1
Kepler-131,0.3,1,11.525,0.1
KOI-3196,3.7,1,11.525,0.1
Kepler-908,7.9,1,11.524,0.1
KOI-2752,7.6,1,11.514,0.1
KOI-3195,3.6,1,11.496,0.1
Kepler-102,0.7,1,11.492,0.1
KOI-3194,6.9,1,11.487,0.1
Kepler-127,6.6,1,11.485,0.1
KOI-3190,1.5,1,11.458,0.1
Kepler-454,0.5,1,11.457,0.1
TYC 3136-301-1,190,54,11.448,0.1
TYC 3149-1782-1,250,64,11.442,0.1
Kepler-449,3.7,1,11.411,0.1
TYC 3544-2446-1,174,94,11.393,0.1
Kepler-1298,10.3,1,11.392,0.1
Kepler-128,6.1,1,11.39,0.1
TYC 3142-1474-1,238,37,11.38,0.1
TYC 3140-568-1,172,88,11.365,0.1
Kepler-1,1.3,1,11.338,0.1
TYC 3138-1861-1,125,114,11.331,0.1
KOI-4287,8.3,1,11.265,0.1
TYC 2666-407-1,310,82,11.251,0.1
TYC 3141-3352-1,142,41,11.205,0.1
Kepler-100,2.7,1,11.197,0.1
Kepler-538,0,1,11.195,0.1
TYC 3139-1545-1,135,47,11.18,0.1
KOI-4407,7.5,1,11.179,0.1
KOI-3184,4.1,1,11.158,0.1
Kepler-1349,4.2,1,11.126,0.1
KOI-2712,13.2,1,11.125,0.1
Kepler-1656,2.8,1,11.105,0.1
KOI-2749,9.5,1,11.075,0.1
Kepler-1655,3,1,11.072,0.1
TYC 3120-376-1,368,33,11.061,0.1
TYC 3557-428-1,246,72,11.043,0.1
TYC 3138-941-1,380,28,11.033,0.1
TYC 3557-434-1,153,48,11.028,0.1
KOI-288,7.9,1,11.02,0.1
BD+40 3638,8.7,1,11.018,0.1
HD 225948,126,34,11.01,0.1
Kepler-10,0,1,10.961,0.1
KOI-269,11.8,1,10.927,0.1
KOI-3180,4.9,1,10.923,0.1
KOI-6102,11.8,1,10.915,0.1
TYC 3565-674-1,131,91,10.915,0.1
TYC 3565-525-1,224,103,10.894,0.1
KOI-3179,2.3,1,10.884,0.1
Kepler-506,7.5,1,10.868,0.1
TYC 3144-787-1,141,41,10.856,0.1
TYC 3135-184-1,175,69,10.837,0.1
TYC 3561-1295-1,135,134,10.806,0.1
KOI-2801,3.6,1,10.787,0.1
BD+42 3339,5,1,10.775,0.1
KOI-1962,4.6,1,10.77,0.1
KOI-3880,14.3,1,10.762,0.1
TYC 3565-98-1,245,50,10.738,0.1
TYC 3148-1402-1,229,27,10.736,0.1
Kepler-25,9.3,1,10.734,0.1
KOI-981,2.1,1,10.733,0.1
KOI-1964,2.4,1,10.687,0.1
TYC 3142-25-1,179,69,10.644,0.1
KIC 10117599,154,63,10.641,0.1
KOI-3853,3.7,1,10.63,0.1
KOI-3172,6.4,1,10.609,0.1
TYC 3146-802-1,163,125,10.581,0.1
KOI-268,8.5,1,10.56,0.1
TYC 3146-1441-1,277,86,10.531,0.1
Kepler-126,8.7,1,10.5,0.1
TYC 3144-2192-1,353,62,10.469,0.1
BD+47 2846,5.2,1,10.463,0.1
KOI-3168,2.7,1,10.455,0.1
BD+45 2860,5.3,1,10.438,0.1
KOI-3167,3.4,1,10.437,0.1
Kepler-50,10,1,10.421,0.1
Kepler-381,7.2,1,10.421,0.1
KOI-2720,2.6,1,10.338,0.1
KOI-3165,7.9,1,10.335,0.1
Kepler-96,0.2,1,10.297,0.1
BD+46 2597,10.8,1,10.268,0.1
KOI-1019,2.1,1,10.266,0.1
TYC 3554-514-1,139,24,10.245,0.1
HD 226295,136,100,10.167,0.1
KOI-2687,2.3,1,10.158,0.1
KOI-5293,150,42,10.154,0.1
TYC 3556-3291-1,189,29,10.129,0.1
KOI-364,0.7,1,10.087,0.1
TYC 3138-728-1,129,99,10.082,0.1
BD+46 2791,169,151,10.063,0.1
BD+48 2893,0,1,9.997,0.1
BD+38 3583,0,1,9.931,0.1
HD 225785,187,62,9.842,0.1
HD 190655,5.3,1,9.837,0.1
HD 188910,139,110,9.797,0.1
HD 225905,226,63,9.761,0.1
BD+44 3020,0,1,9.705,0.1
BD+42 3451,159,119,9.603,0.1
HD 181491,149,100,9.601,0.1
BD+45 2960,7.8,1,9.582,0.1
BD+45 2977,145,33,9.563,0.1
BD+40 3639,201,58,9.458,0.1
BD+46 2726,2.4,1,9.439,0.1
HD 234824,182,79,9.379,0.1
HD 175289,13,1,9.364,0.1
BD+39 3926,135,101,9.286,0.1
HD 225531,145,91,9.259,0.1
HD 226556,140,116,9.175,0.1
BD+47 2936,3.2,1,9.174,0.1
HD 182192,239,71,9.139,0.1
HD 180374,125,125,8.863,0.1
HD 176693,2.8,1,8.769,0.1
BD+41 3306,0.5,1,8.717,0.1
HD 179070,7.3,1,8.224,0.1
HD 185374,4.7,1,7.837,0.1
HD 176845,123,157,7.803,0.1
HD 183204,292,50,7.508,0.1
HD 182691,76,1,6.602,0.1
HD 174177,73,2,6.575,0.1
