FolderLabel,Name,Teff,e_Teff,Logg,e_Logg,FeH,e_FeH,Kepler Mag,e_Kepler Mag,Parallax,e_Parallax
0,BD+41 3306,4946.6,60,4.452,0.1,-0.482,0.04,8.717,0.1,27.4137287,0.02947405
1,BD+47 2936,4864.3,60,4.498,0.1,0.327,0.04,9.174,0.1,26.45077811,0.023446405
2,BD+44 3020,5347.7,60,4.588,0.1,-0.248,0.04,9.705,0.1,15.61547588,0.028990268
3,BD+46 2726,5415.7,60,4.427,0.1,0.118,0.04,9.439,0.1,14.63963043,0.021240073
4,HD 176693,6089.2,60,4.305,0.1,-0.146,0.04,8.769,0.1,11.23457789,0.033006453
5,BD+38 3583,5593.6,60,4.414,0.1,-0.092,0.04,9.931,0.1,10.39738117,0.023862921
6,KOI-3167,5588,60,4.693,0.1,0.042,0.04,10.437,0.1,9.431394493,0.023937164
7,Kepler-102,4909.4,60,4.622,0.1,0.109,0.04,11.492,0.1,9.247844791,0.018765993
8,KOI-2687,5788.1,60,4.514,0.1,0.067,0.04,10.158,0.1,8.818749167,0.022606716
9,Kepler-78,5064.8,60,4.691,0.1,0.004,0.04,11.551,0.1,8.011261176,0.02116239
10,KOI-1964,5534.5,60,4.469,0.1,0.049,0.04,10.687,0.1,7.352872583,0.100715607
11,BD+48 2893,5789,60,4.199,0.1,0.136,0.04,9.997,0.1,6.90757825,0.020785495
12,HD 175289,6305.6,60,4.281,0.1,-0.005,0.04,9.364,0.1,6.749535327,0.022438244
13,Kepler-1446,4847.6,60,4.638,0.1,0.135,0.04,12.411,0.1,6.546936763,0.028919003
14,Kepler-378,4695.5,60,4.518,0.1,0.028,0.04,12.485,0.1,6.545958758,0.018377238
15,Kepler-411,4961.1,60,4.687,0.1,0.213,0.04,12.231,0.1,6.478311918,0.019060641
16,Kepler-538,5497.9,60,4.488,0.1,-0.08,0.04,11.195,0.1,6.383305928,0.028798115
17,KOI-364,5807.5,60,4.095,0.1,0.268,0.04,10.087,0.1,5.986345933,0.026059229
18,Kepler-220,4665.4,60,4.576,0.1,-0.012,0.04,13.177,0.1,5.815374174,0.021527054
19,Kepler-1313,5415.7,60,4.703,0.1,0.119,0.04,11.799,0.1,5.710595647,0.023346468
20,Kepler-10,5599.2,60,4.277,0.1,-0.114,0.04,10.961,0.1,5.361845677,0.023300853
21,Kepler-367,4858.9,60,4.701,0.1,0.108,0.04,12.879,0.1,5.289596589,0.024057379
22,Kepler-94,4728.2,60,4.378,0.1,0.322,0.04,12.895,0.1,5.182100325,0.022041748
23,KOI-3871,5192.6,60,4.616,0.1,0.07,0.04,12.224,0.1,5.151991162,0.260413757
24,Kepler-63,5672.9,60,4.678,0.1,0.246,0.04,11.582,0.1,5.12497143,0.025156651
25,Kepler-22,5527.7,60,4.513,0.1,-0.202,0.04,11.664,0.1,5.108831366,0.024164031
26,KOI-315,4816.1,60,4.611,0.1,-0.216,0.04,12.968,0.1,5.087917714,0.025285649
27,Kepler-99,4852.3,60,4.551,0.1,0.233,0.04,12.97,0.1,4.770390706,0.023692016
28,KOI-4399,5577.1,60,4.674,0.1,-0.04,0.04,11.965,0.1,4.714537488,0.018309986
29,BD+45 2960,6318.2,60,4.115,0.1,-0.049,0.04,9.582,0.1,4.673790699,0.027571709
30,KOI-3224,5380.4,60,4.577,0.1,0.075,0.04,12.192,0.1,4.653173028,0.021296293
31,KOI-2720,5925.8,60,4.029,0.1,-0.126,0.04,10.338,0.1,4.649287523,0.026741467
32,KOI-5792,4819.6,60,4.547,0.1,0.011,0.04,15.705,0.1,4.618272919,0.274889174
33,Kepler-1,5818.7,60,4.4,0.1,0.012,0.04,11.338,0.1,4.615427436,0.022357678
34,Kepler-954,5030.1,60,4.725,0.1,0.202,0.04,12.971,0.1,4.60484805,0.02432548
35,Kepler-942,4767.6,60,4.484,0.1,0.076,0.04,13.054,0.1,4.5931203,0.013804252
36,KOI-4287,6260.4,60,4.247,0.1,-0.052,0.04,11.265,0.1,4.588549154,0.508237282
37,Kepler-396,5655.9,60,4.566,0.1,0.184,0.04,11.921,0.1,4.440644078,0.035627924
38,KOI-4582,5637.1,60,4.441,0.1,-0.186,0.04,11.756,0.1,4.423051882,0.026811763
39,Kepler-126,6270,60,4.297,0.1,-0.164,0.04,10.5,0.1,4.183632259,0.029200821
40,KOI-2612,5543.5,60,4.273,0.1,0.32,0.04,11.83,0.1,4.103657577,0.024690144
41,Kepler-519,5347.3,60,4.657,0.1,0.176,0.04,12.63,0.1,4.026242252,0.02358716
42,KOI-99,4935.2,60,4.419,0.1,-0.284,0.04,12.96,0.1,3.98624007,0.019509764
43,KOI-4725,4824.7,60,4.491,0.1,-0.026,0.04,13.367,0.1,3.985506541,0.013927877
44,Kepler-1130,5401.9,60,4.54,0.1,0.182,0.04,12.404,0.1,3.981890435,0.028564965
45,Kepler-50,6162.2,60,4.138,0.1,-0.089,0.04,10.421,0.1,3.96961053,0.029542157
46,Kepler-352,5223.9,60,4.707,0.1,-0.112,0.04,12.957,0.1,3.927956815,0.021610025
47,Kepler-531,4934.6,60,4.619,0.1,0.049,0.04,13.34,0.1,3.927355348,0.012719622
48,Kepler-523,5528.7,60,4.72,0.1,0.105,0.04,12.465,0.1,3.919235101,0.025104919
49,KOI-2295,5429.7,60,4.531,0.1,-0.116,0.04,11.671,0.1,3.862935773,0.0200998
50,Kepler-114,4661.1,60,4.503,0.1,0.099,0.04,13.738,0.1,3.824242972,0.019278673
51,Kepler-992,4913.9,60,4.63,0.1,0.016,0.04,13.389,0.1,3.822612283,0.016074092
52,KOI-2801,6057,60,4.141,0.1,0.036,0.04,10.787,0.1,3.818452356,0.026222279
53,Kepler-113,4791.3,60,4.479,0.1,0.127,0.04,13.461,0.1,3.782793409,0.016038473
54,KOI-2001,5170,60,4.643,0.1,0.088,0.04,13.115,0.1,3.757905521,0.017442932
55,Kepler-381,6346.1,60,4.193,0.1,-0.157,0.04,10.421,0.1,3.712047136,0.023578002
56,Kepler-447,5620.4,60,4.686,0.1,0.073,0.04,12.394,0.1,3.702055395,0.025358526
57,Kepler-314,5439.6,60,4.449,0.1,0.384,0.04,12.557,0.1,3.690410364,0.024282989
58,KOI-3179,5730.6,60,4.515,0.1,0.075,0.04,10.884,0.1,3.676288757,0.02742543
59,KOI-92,5922.6,60,4.394,0.1,0.086,0.04,11.667,0.1,3.621634835,0.024869134
60,Kepler-132,5909.6,60,4.414,0.1,-0.201,0.04,11.818,0.1,3.619691905,0.293658106
61,KOI-2686,4712.8,60,4.617,0.1,-0.049,0.04,13.855,0.1,3.618316677,0.01255186
62,KOI-3087,5319.8,60,4.547,0.1,0.276,0.04,12.837,0.1,3.595786642,0.02274066
63,Kepler-1349,5969.6,60,4.238,0.1,0.2,0.04,11.126,0.1,3.590233653,0.024628504
64,Kepler-743,5509,60,4.59,0.1,0.119,0.04,12.55,0.1,3.555752398,0.026412727
65,KOI-3197,6187.2,60,4.43,0.1,-0.063,0.04,11.531,0.1,3.538005539,0.03465708
66,Kepler-1088,5942.9,60,4.448,0.1,0.011,0.04,11.863,0.1,3.534608519,0.019741867
67,Kepler-20,5507.6,60,4.469,0.1,0.108,0.04,12.498,0.1,3.510258743,0.021933523
68,Kepler-1008,5045.3,60,4.612,0.1,-0.028,0.04,13.395,0.1,3.510135182,0.015888203
69,Kepler-960,4773.4,60,4.638,0.1,0.061,0.04,13.884,0.1,3.48098099,0.019560127
70,Kepler-202,4761.9,60,4.58,0.1,-0.207,0.04,13.872,0.1,3.478496648,0.013594924
71,KOI-2803,5575.1,60,4.348,0.1,0.169,0.04,12.258,0.1,3.476188697,0.022595037
72,KOI-3165,6267.1,60,4.147,0.1,-0.17,0.04,10.335,0.1,3.446322024,0.020507791
73,Kepler-517,5562.5,60,4.366,0.1,-0.16,0.04,12.193,0.1,3.420685634,0.024273126
74,KOI-3130,4866.1,60,4.635,0.1,-0.472,0.04,13.752,0.1,3.394474882,0.015436579
75,KOI-269,6302.5,60,4.248,0.1,-0.071,0.04,10.927,0.1,3.357785977,0.025396323
76,KOI-3232,5737.7,60,4.48,0.1,0.06,0.04,12.253,0.1,3.338010238,0.020408355
77,BD+46 2597,6336.6,60,4.175,0.1,0.11,0.04,10.268,0.1,3.329537294,0.026810916
78,Kepler-858,5511.3,60,4.381,0.1,0.016,0.04,12.45,0.1,3.320959602,0.021824242
79,KOI-3208,5845.7,60,4.451,0.1,-0.12,0.04,11.893,0.1,3.318028062,0.022256014
80,KOI-2636,5857.5,60,4.404,0.1,0.072,0.04,12.32,0.1,3.316875549,0.020471657
81,Kepler-1312,5755.8,60,4.632,0.1,0.127,0.04,12.43,0.1,3.31466017,0.02537443
82,KOI-1019,5017.8,60,3.551,0.1,0.174,0.04,10.266,0.1,3.302372415,0.021702647
83,Kepler-62,4858.8,60,4.593,0.1,-0.343,0.04,13.725,0.1,3.294735846,0.013368358
84,Kepler-141,5019.3,60,4.538,0.1,0.333,0.04,13.448,0.1,3.291354277,0.014263261
85,BD+45 2860,6284.4,60,4.083,0.1,-0.161,0.04,10.438,0.1,3.285672701,0.026466612
86,Kepler-533,4790.3,60,4.549,0.1,0.07,0.04,13.933,0.1,3.271943307,0.015568284
87,Kepler-137,5236.9,60,4.495,0.1,0.046,0.04,12.99,0.1,3.271755829,0.019870503
88,BD+40 3638,6219.8,60,4.213,0.1,0.131,0.04,11.018,0.1,3.263838525,0.028876867
89,Kepler-100,5854.3,60,4.073,0.1,0.102,0.04,11.197,0.1,3.253697582,0.01875313
90,KOI-1985,4949.8,60,4.638,0.1,0.014,0.04,13.708,0.1,3.241302972,0.01468791
91,Kepler-48,5234.8,60,4.459,0.1,0.256,0.04,13.04,0.1,3.231323788,0.019139857
92,Kepler-1039,4766.3,60,4.567,0.1,0.134,0.04,14.145,0.1,3.229516722,0.020369992
93,Kepler-539,5815.7,60,4.597,0.1,-0.016,0.04,12.391,0.1,3.225735247,0.037082322
94,Kepler-211,5193.4,60,4.63,0.1,0.181,0.04,13.283,0.1,3.203716131,0.018018258
95,KOI-2771,6164.8,60,4.438,0.1,-0.062,0.04,11.751,0.1,3.203495011,0.024162153
96,Kepler-909,6042.3,60,4.265,0.1,0.17,0.04,11.538,0.1,3.201258097,0.021643461
97,KOI-2522,4982.6,60,4.55,0.1,0.233,0.04,13.713,0.1,3.200112644,0.015640482
98,Kepler-1499,5042.1,60,4.619,0.1,0.193,0.04,13.509,0.1,3.198304472,0.016187753
99,Kepler-1512,4807.8,60,4.678,0.1,0.105,0.04,13.393,0.1,3.171827653,0.240472566
100,Kepler-532,5120.1,60,4.676,0.1,0.097,0.04,13.524,0.1,3.168166834,0.019671856
101,Kepler-482,4733.5,60,4.413,0.1,-0.273,0.04,13.779,0.1,3.165484658,0.022866169
102,KOI-4407,6401,60,4.244,0.1,-0.166,0.04,11.179,0.1,3.156743544,0.023159356
103,Kepler-1444,5875,60,4.571,0.1,0.215,0.04,12.325,0.1,3.09939698,0.020605503
104,Kepler-1507,5296.8,60,4.56,0.1,0.047,0.04,13.136,0.1,3.091440448,0.014268237
105,Kepler-884,5746.9,60,4.386,0.1,-0.088,0.04,13.069,0.1,3.089273343,0.230805556
106,KOI-3991,5605.9,60,4.619,0.1,-0.023,0.04,13.14,0.1,3.059126962,0.106750804
107,KOI-3196,6108.8,60,4.275,0.1,-0.006,0.04,11.525,0.1,3.051414224,0.021028967
108,Kepler-1558,5091.9,60,4.645,0.1,0.244,0.04,13.632,0.1,3.041071126,0.014325044
109,KOI-687,5879.3,60,4.389,0.1,0.084,0.04,13.813,0.1,3.030951386,0.246561651
110,Kepler-973,5180.9,60,4.592,0.1,0.044,0.04,13.218,0.1,3.01592091,0.042804533
111,KOI-3218,5962.4,60,4.399,0.1,0.024,0.04,12.107,0.1,2.997874669,0.019061996
112,Kepler-197,5944.9,60,4.32,0.1,-0.401,0.04,11.811,0.1,2.996280539,0.021143379
113,KOI-4129,5078.5,60,4.51,0.1,0.147,0.04,13.506,0.1,2.995605637,0.021083754
114,Kepler-509,5951.6,60,4.283,0.1,-0.025,0.04,11.854,0.1,2.979634739,0.033578965
115,Kepler-134,5917.6,60,4.491,0.1,-0.167,0.04,12.324,0.1,2.958124722,0.021136919
116,KOI-8,5891.1,60,4.535,0.1,-0.066,0.04,12.45,0.1,2.957999912,0.023823308
117,Kepler-1544,4852.2,60,4.606,0.1,0.01,0.04,14.061,0.1,2.955397234,0.014657179
118,KOI-650,5058.3,60,4.526,0.1,0.046,0.04,13.594,0.1,2.951598164,0.013810725
119,Kepler-518,5801.6,60,4.556,0.1,-0.14,0.04,12.549,0.1,2.930796136,0.025191922
120,Kepler-971,5516.9,60,4.665,0.1,0.166,0.04,13.237,0.1,2.926819907,0.057443366
121,Kepler-407,5555.6,60,4.253,0.1,0.411,0.04,12.521,0.1,2.926617117,0.021783974
122,Kepler-808,4758.6,60,4.521,0.1,0.034,0.04,14.285,0.1,2.913548317,0.126134677
123,KOI-2583,5605.4,60,4.398,0.1,0.109,0.04,12.623,0.1,2.904100525,0.02151369
124,BD+47 2846,6448.6,60,4.134,0.1,0.203,0.04,10.463,0.1,2.903104724,0.020597048
125,KOI-3473,5156.4,60,4.65,0.1,0.046,0.04,13.851,0.1,2.882642073,0.019895726
126,Kepler-86,5676.2,60,4.449,0.1,-0.026,0.04,12.62,0.1,2.879622444,0.030163405
127,Kepler-332,4955.1,60,4.66,0.1,-0.131,0.04,14.017,0.1,2.876496356,0.015147169
128,Kepler-1066,5557.7,60,4.67,0.1,0.096,0.04,13.007,0.1,2.876127618,0.021083028
129,Kepler-421,5223.5,60,4.568,0.1,-0.226,0.04,13.354,0.1,2.840111758,0.016555979
130,Kepler-127,6124.8,60,4.217,0.1,0.24,0.04,11.485,0.1,2.805769722,0.021303798
131,KOI-3254,5575.7,60,4.237,0.1,0.315,0.04,12.496,0.1,2.801017163,0.025215629
132,Kepler-806,5737.1,60,4.134,0.1,-0.253,0.04,11.731,0.1,2.734528258,0.021986299
133,Kepler-1087,5476.3,60,4.391,0.1,0.402,0.04,12.953,0.1,2.729111028,0.026231924
134,Kepler-406,5656.5,60,4.318,0.1,0.28,0.04,12.52,0.1,2.71840566,0.025243157
135,KOI-3248,5728.8,60,4.304,0.1,-0.017,0.04,12.419,0.1,2.702244816,0.022806006
136,KOI-4657,5317.5,60,4.48,0.1,-0.053,0.04,13.241,0.1,2.688093871,0.019714473
137,KOI-3227,5919.4,60,4.297,0.1,0.031,0.04,12.222,0.1,2.679922027,0.030703755
138,Kepler-1339,5874.4,60,4.382,0.1,-0.084,0.04,12.299,0.1,2.667942113,0.057274484
139,KOI-2503,4885.3,60,4.514,0.1,0.182,0.04,14.146,0.1,2.64059215,0.017085717
140,KOI-373,5737.8,60,4.472,0.1,-0.326,0.04,12.765,0.1,2.634238464,0.021152618
141,Kepler-1173,5076.1,60,4.53,0.1,0.166,0.04,13.829,0.1,2.623275271,0.016738625
142,Kepler-466,5805,60,4.339,0.1,-0.029,0.04,12.772,0.1,2.606904113,0.202670471
143,Kepler-484,5651.5,60,4.581,0.1,0.064,0.04,13.024,0.1,2.58808148,0.019023337
144,Kepler-1525,5605.3,60,4.268,0.1,0.246,0.04,12.737,0.1,2.582300562,0.020889058
145,Kepler-321,5740.9,60,4.393,0.1,0.116,0.04,12.706,0.1,2.571827886,0.022551127
146,Kepler-174,4693,60,4.532,0.1,-0.564,0.04,14.287,0.1,2.570238699,0.017996033
147,Kepler-144,6182.4,60,4.326,0.1,-0.134,0.04,11.992,0.1,2.569247512,0.021678121
148,Kepler-221,5260.3,60,4.677,0.1,0.043,0.04,13.749,0.1,2.567082453,0.018948549
149,Kepler-1361,5036.8,60,4.52,0.1,0.083,0.04,13.93,0.1,2.540862041,0.013731261
150,Kepler-1055,5681.5,60,4.624,0.1,0.058,0.04,13.09,0.1,2.539232435,0.016022117
151,Kepler-540,5842.4,60,4.352,0.1,-0.183,0.04,12.209,0.1,2.533056838,0.025742308
152,Kepler-969,5243.3,60,4.632,0.1,0.151,0.04,13.733,0.1,2.532942582,0.016750573
153,KOI-704,5265.8,60,4.612,0.1,-0.076,0.04,13.704,0.1,2.531585927,0.01337261
154,Kepler-139,5630.5,60,4.284,0.1,0.349,0.04,12.701,0.1,2.528742817,0.027215528
155,Kepler-507,6030.1,60,4.235,0.1,0.141,0.04,11.994,0.1,2.524622889,0.020835467
156,KOI-102,5758.8,60,4.338,0.1,0.241,0.04,12.566,0.1,2.517730964,0.026996606
157,Kepler-1141,5836.9,60,4.27,0.1,0.103,0.04,12.589,0.1,2.511736763,0.024171448
158,Kepler-652,5392.8,60,4.583,0.1,0.139,0.04,13.393,0.1,2.505643777,0.013659527
159,Kepler-463,5566.6,60,4.376,0.1,-0.353,0.04,12.87,0.1,2.504250976,0.022284701
160,Kepler-128,6081.2,60,4.091,0.1,-0.032,0.04,11.39,0.1,2.494212437,0.024696597
161,KOI-3117,5562.9,60,4.54,0.1,0.101,0.04,13.163,0.1,2.491932176,0.015339574
162,KOI-1796,6012.7,60,4.485,0.1,-0.007,0.04,12.829,0.1,2.485464062,0.027257422
163,Kepler-775,5354.2,60,4.51,0.1,-0.038,0.04,13.507,0.1,2.479418655,0.013311515
164,Kepler-755,5066.8,60,4.576,0.1,0.084,0.04,13.999,0.1,2.477253139,0.016655594
165,Kepler-1542,5544.8,60,4.263,0.1,0.071,0.04,12.639,0.1,2.476914239,0.024410978
166,Kepler-910,6229.5,60,4.162,0.1,0.139,0.04,11.6,0.1,2.469842788,0.030315618
167,Kepler-322,5413.8,60,4.646,0.1,0.125,0.04,13.53,0.1,2.468167453,0.016217887
168,Kepler-104,5760.4,60,4.365,0.1,-0.422,0.04,12.596,0.1,2.466565391,0.027398365
169,Kepler-97,5772.9,60,4.454,0.1,-0.155,0.04,12.872,0.1,2.465629755,0.021744556
170,KOI-4469,4909.3,60,4.587,0.1,0.075,0.04,14.251,0.1,2.463011756,0.016774218
171,KOI-2925,5443.5,60,4.506,0.1,0.198,0.04,13.458,0.1,2.458897389,0.014980861
172,Kepler-1583,5471.2,60,4.253,0.1,-0.009,0.04,12.897,0.1,2.446846274,0.017663522
173,Kepler-271,5469.8,60,4.521,0.1,-0.174,0.04,13.404,0.1,2.44325871,0.023119462
174,Kepler-1027,5403.8,60,4.618,0.1,0.05,0.04,12.852,0.1,2.440050223,0.029735191
175,KOI-4098,4986.1,60,4.645,0.1,-0.068,0.04,13.875,0.1,2.423735743,0.107530446
176,KOI-3190,5998.9,60,4.343,0.1,-0.174,0.04,11.458,0.1,2.419282678,0.025816875
177,Kepler-129,5808.5,60,4.016,0.1,0.256,0.04,11.696,0.1,2.417322918,0.025846894
178,KOI-288,6221.3,60,4.051,0.1,0.216,0.04,11.02,0.1,2.413656005,0.025003069
179,KOI-2219,4995.9,60,4.533,0.1,0.143,0.04,14.099,0.1,2.412652998,0.019695371
180,Kepler-1012,5500.2,60,4.527,0.1,0.231,0.04,13.317,0.1,2.403751106,0.013716946
181,Kepler-962,5450.2,60,4.679,0.1,0.049,0.04,13.576,0.1,2.40134377,0.013481363
182,KOI-2712,6354.4,60,4.189,0.1,0.256,0.04,11.125,0.1,2.391471303,0.030483046
183,Kepler-414,5566.6,60,4.568,0.1,0.181,0.04,13.338,0.1,2.389828433,0.017426471
184,Kepler-601,5048,60,4.5,0.1,-0.152,0.04,14.005,0.1,2.381780401,0.01394612
185,Kepler-1222,5065.4,60,4.587,0.1,-0.063,0.04,14.1,0.1,2.37960078,0.018516269
186,Kepler-1179,5132.5,60,4.635,0.1,-0.117,0.04,14.077,0.1,2.379583732,0.01464316
187,Kepler-1541,5210,60,4.565,0.1,-0.066,0.04,13.801,0.1,2.370982855,0.014493213
188,Kepler-1114,5268.8,60,4.549,0.1,-0.134,0.04,13.747,0.1,2.361150042,0.016189912
189,Kepler-124,4959.7,60,4.453,0.1,-0.462,0.04,14.139,0.1,2.351872023,0.017016704
190,Kepler-1081,5272.6,60,4.489,0.1,0.177,0.04,13.746,0.1,2.350896202,0.015601792
191,Kepler-136,6247.8,60,4.272,0.1,0.069,0.04,12.459,0.1,2.347762984,0.024344378
192,Kepler-888,5738.7,60,4.51,0.1,-0.321,0.04,13.046,0.1,2.347543525,0.017914422
193,Kepler-1285,6212.6,60,4.259,0.1,0.192,0.04,11.714,0.1,2.339377882,0.018609268
194,KOI-4296,5569.2,60,4.557,0.1,-0.497,0.04,13.03,0.1,2.335068658,0.017367165
195,BD+42 3339,5940.1,60,3.864,0.1,-0.043,0.04,10.775,0.1,2.330344232,0.022502561
196,Kepler-334,5865.6,60,4.442,0.1,0.014,0.04,12.776,0.1,2.315545333,0.024271594
197,KOI-3017,5531.7,60,4.481,0.1,-0.162,0.04,13.308,0.1,2.305324739,0.013017892
198,KOI-1947,5943.6,60,3.954,0.1,0.224,0.04,12.335,0.1,2.297311833,0.023905626
199,Kepler-845,4773,60,4.597,0.1,-0.114,0.04,14.631,0.1,2.2911,0.017492998
200,Kepler-18,5441,60,4.417,0.1,0.282,0.04,13.549,0.1,2.280431831,0.016835783
201,Kepler-190,5138.4,60,4.639,0.1,0.058,0.04,14.137,0.1,2.278544393,0.01452992
202,KOI-6971,4898.4,60,4.733,0.1,-0.17,0.04,14.784,0.1,2.275390931,0.022394519
203,Kepler-161,5107.7,60,4.544,0.1,0.239,0.04,14.196,0.1,2.27197322,0.016170639
204,Kepler-390,5127.6,60,4.48,0.1,-0.113,0.04,13.942,0.1,2.268660359,0.019510528
205,KOI-2290,4965.8,60,4.701,0.1,-0.238,0.04,14.447,0.1,2.255269776,0.018632656
206,Kepler-28,4674.4,60,4.588,0.1,0.017,0.04,15.036,0.1,2.252651287,0.024121142
207,KOI-1808,6142.9,60,4.444,0.1,0.043,0.04,12.487,0.1,2.252355059,0.023008469
208,KOI-2581,5482.9,60,4.462,0.1,0.28,0.04,13.463,0.1,2.250568309,0.013473085
209,Kepler-537,5697,60,4.426,0.1,0.143,0.04,13.1,0.1,2.246926691,0.012260035
210,KOI-1871,4628,60,4.345,0.1,0.177,0.04,14.897,0.1,2.241157825,0.02238008
211,Kepler-152,5065.2,60,4.608,0.1,-0.117,0.04,14.29,0.1,2.238278943,0.016004122
212,KOI-2848,5703.7,60,4.156,0.1,0.32,0.04,12.458,0.1,2.226763045,0.021371409
213,Kepler-106,5859.7,60,4.361,0.1,-0.088,0.04,12.882,0.1,2.222332077,0.030260231
214,KOI-1623,5666.6,60,4.047,0.1,0.016,0.04,12.037,0.1,2.222186508,0.030909376
215,KOI-3103,5883.4,60,4.247,0.1,0.285,0.04,12.506,0.1,2.21900393,0.394040313
216,Kepler-95,5653.8,60,4.09,0.1,0.268,0.04,12.346,0.1,2.215420313,0.028536592
217,Kepler-782,5683.5,60,4.356,0.1,-0.221,0.04,12.783,0.1,2.20944832,0.028544034
218,KOI-3111,5917,60,4.356,0.1,-0.065,0.04,12.863,0.1,2.206135329,0.022439656
219,Kepler-958,5418.9,60,4.621,0.1,0.059,0.04,13.766,0.1,2.194473129,0.014157251
220,Kepler-744,5495.4,60,4.512,0.1,-0.143,0.04,13.581,0.1,2.193807484,0.023370175
221,Kepler-196,5146,60,4.547,0.1,0.028,0.04,14.157,0.1,2.186918865,0.015278933
222,Kepler-646,5333.5,60,4.542,0.1,-0.444,0.04,13.766,0.1,2.184560326,0.015470318
223,KOI-4109,4986,60,4.464,0.1,0.26,0.04,14.511,0.1,2.179854579,0.022824498
224,Kepler-1388,5052.1,60,3.523,0.1,-0.498,0.04,16.279,0.1,2.175492042,0.036052209
225,Kepler-514,6155,60,4.301,0.1,0.107,0.04,12.182,0.1,2.167543207,0.023603866
226,Kepler-450,6298.1,60,4.217,0.1,0.17,0.04,11.684,0.1,2.164485981,0.024491634
227,Kepler-530,5600.4,60,4.542,0.1,-0.181,0.04,13.4,0.1,2.155931298,0.014528209
228,KOI-328,5765.6,60,4.477,0.1,-0.085,0.04,12.82,0.1,2.15266519,0.019480689
229,KOI-1856,5251.1,60,4.581,0.1,0.024,0.04,14.082,0.1,2.149415038,0.01528559
230,Kepler-105,5932.8,60,4.402,0.1,-0.087,0.04,12.791,0.1,2.149032903,0.025663267
231,Kepler-153,5178,60,4.743,0.1,-0.265,0.04,14.262,0.1,2.148072265,0.016056317
232,KOI-4070,4926.4,60,4.582,0.1,0.068,0.04,14.549,0.1,2.14737945,0.017375311
233,Kepler-984,5601,60,4.492,0.1,0.04,0.04,13.534,0.1,2.144197271,0.014987688
234,Kepler-536,5485,60,4.478,0.1,0.028,0.04,13.807,0.1,2.13772141,0.070392089
235,Kepler-1323,6062.8,60,4.297,0.1,0.003,0.04,12.41,0.1,2.119963201,0.022127147
236,Kepler-932,5165.5,60,4.345,0.1,0.072,0.04,14.131,0.1,2.119004423,0.019070079
237,KOI-3194,6361.2,60,4.132,0.1,0.172,0.04,11.487,0.1,2.118094014,0.02248123
238,Kepler-185,5037,60,4.694,0.1,-0.142,0.04,14.458,0.1,2.113855882,0.021402544
239,KOI-2916,4972.6,60,4.539,0.1,-0.005,0.04,14.409,0.1,2.112814898,0.016460943
240,Kepler-512,6050.9,60,4.359,0.1,0.042,0.04,12.674,0.1,2.110980883,0.021982639
241,Kepler-997,6059,60,4.148,0.1,0.058,0.04,11.894,0.1,2.110165012,0.02560274
242,KOI-3251,5896.7,60,4.15,0.1,0.086,0.04,12.452,0.1,2.107367471,0.027267703
243,Kepler-513,5747.5,60,4.326,0.1,-0.112,0.04,12.935,0.1,2.106846495,0.02030412
244,KOI-4188,5970.3,60,4.447,0.1,0.121,0.04,13.128,0.1,2.104603137,0.021218565
245,KOI-3249,6012.2,60,4.276,0.1,0.037,0.04,12.434,0.1,2.101648339,0.023977043
246,KOI-1431,5531.7,60,4.373,0.1,0.266,0.04,13.46,0.1,2.090373726,0.015016308
247,KOI-2486,6035.2,60,4.197,0.1,0.093,0.04,13.047,0.1,2.086828256,0.512241258
248,KOI-2833,6192.8,60,4.38,0.1,-0.191,0.04,12.599,0.1,2.077653293,0.025585803
249,Kepler-1341,4683,60,4.423,0.1,0.285,0.04,15.028,0.1,2.067943268,0.021599641
250,Kepler-89,6181.2,60,4.234,0.1,0.07,0.04,12.205,0.1,2.067598563,0.021583481
251,KOI-3083,5829,60,4.28,0.1,0.317,0.04,12.857,0.1,2.064316481,0.020948785
252,Kepler-92,5945.7,60,4.058,0.1,0.19,0.04,11.565,0.1,2.063474112,0.023329989
253,Kepler-1163,6207.9,60,4.21,0.1,0.024,0.04,12.168,0.1,2.060487149,0.019712239
254,Kepler-1315,4780.2,60,4.446,0.1,0.24,0.04,14.975,0.1,2.051042947,0.024562436
255,Kepler-1121,6212.5,60,4.207,0.1,0.196,0.04,12.071,0.1,2.045771281,0.018878439
256,Kepler-1040,5696.5,60,4.475,0.1,0.089,0.04,13.328,0.1,2.045305106,0.013857216
257,Kepler-215,5647.8,60,4.554,0.1,-0.435,0.04,13.58,0.1,2.028813541,0.015354071
258,Kepler-949,5129.9,60,4.685,0.1,-0.013,0.04,14.548,0.1,2.028589887,0.022622897
259,Kepler-431,5976.1,60,4.099,0.1,-0.012,0.04,11.973,0.1,2.026578566,0.019793885
260,Kepler-1197,4761.7,60,4.574,0.1,0.165,0.04,15.13,0.1,2.025210172,0.027306271
261,Kepler-326,5183.7,60,4.669,0.1,0.208,0.04,13.693,0.1,2.023076849,0.044553538
262,Kepler-4,5826.9,60,4.089,0.1,0.177,0.04,12.211,0.1,2.020933161,0.024299396
263,Kepler-318,5872.9,60,4.558,0.1,0.33,0.04,13.297,0.1,2.015548533,0.013350161
264,Kepler-1036,5476.1,60,4.553,0.1,0.185,0.04,13.8,0.1,2.014356537,0.015790863
265,Kepler-1050,5845.9,60,4.422,0.1,0.1,0.04,13.127,0.1,2.009927746,0.014376196
266,KOI-4011,5907.9,60,4.189,0.1,0.172,0.04,12.521,0.1,2.008271305,0.023126555
267,Kepler-795,5581.7,60,4.334,0.1,-0.02,0.04,13.331,0.1,2.003308705,0.019186337
268,Kepler-1395,6069,60,4.311,0.1,0.125,0.04,12.581,0.1,2.000426162,0.028555429
269,KOI-4613,5442.7,60,4.546,0.1,-0.127,0.04,13.885,0.1,2.000172523,0.013385574
270,Kepler-1505,5525.4,60,4.505,0.1,-0.287,0.04,12.988,0.1,1.991463677,0.033175493
271,Kepler-1389,4962.4,60,4.655,0.1,-0.113,0.04,14.699,0.1,1.982944675,0.01887624
272,KOI-3422,5879.3,60,4.561,0.1,0.157,0.04,13.201,0.1,1.976877048,0.018555953
273,KOI-1715,5788.9,60,4.3,0.1,-0.232,0.04,12.9,0.1,1.966389032,0.019352155
274,Kepler-324,5232.5,60,4.468,0.1,0.176,0.04,14.122,0.1,1.964867929,0.014417866
275,Kepler-1560,5766.8,60,4.497,0.1,0.241,0.04,13.421,0.1,1.961280553,0.016627982
276,KOI-1169,5638,60,4.36,0.1,0.119,0.04,13.248,0.1,1.958121625,0.012222568
277,KOI-2875,4965.5,60,4.608,0.1,-0.096,0.04,14.828,0.1,1.954067491,0.02706215
278,Kepler-882,5319.9,60,4.462,0.1,0.081,0.04,14.083,0.1,1.95296367,0.016047212
279,Kepler-1209,6150.2,60,4.329,0.1,0.003,0.04,12.476,0.1,1.949730604,0.029639553
280,Kepler-1445,6077.9,60,4.287,0.1,-0.101,0.04,12.405,0.1,1.946354025,0.025617385
281,KOI-3908,5720.5,60,3.876,0.1,0.028,0.04,12.07,0.1,1.939112871,0.021284991
282,KOI-6927,4930.5,60,4.613,0.1,0.131,0.04,14.795,0.1,1.937918047,0.02319825
283,Kepler-651,5349.3,60,4.513,0.1,-0.136,0.04,13.94,0.1,1.934191641,0.013521391
284,KOI-2469,4837.7,60,4.642,0.1,-0.01,0.04,15.048,0.1,1.92048817,0.025328382
285,Kepler-112,5500.5,60,4.488,0.1,-0.403,0.04,13.771,0.1,1.919758376,0.015927157
286,Kepler-649,5694.1,60,4.47,0.1,-0.399,0.04,13.437,0.1,1.917680934,0.016787659
287,Kepler-1253,5710.8,60,4.203,0.1,-0.329,0.04,12.464,0.1,1.914867349,0.021351735
288,KOI-2737,5641,60,4.04,0.1,0.36,0.04,12.428,0.1,1.911835572,0.02008936
289,Kepler-1371,5259.5,60,4.507,0.1,-0.068,0.04,13.851,0.1,1.911788481,0.020502896
290,Kepler-1228,4766.6,60,4.515,0.1,-0.607,0.04,14.859,0.1,1.911381029,0.020258635
291,Kepler-783,5381.2,60,4.493,0.1,-0.007,0.04,13.916,0.1,1.908871095,0.017509264
292,KOI-1537,6218.5,60,4.145,0.1,-0.131,0.04,11.74,0.1,1.904503872,0.021906165
293,KOI-4251,5513.6,60,4.525,0.1,0.039,0.04,13.795,0.1,1.902767735,0.015032502
294,Kepler-607,5079,60,4.522,0.1,0.115,0.04,14.405,0.1,1.897631855,0.01991237
295,KOI-308,6236.5,60,4.371,0.1,0.018,0.04,12.351,0.1,1.887263225,0.056567882
296,KOI-4482,6241,60,4.271,0.1,-0.047,0.04,12.642,0.1,1.88677666,0.022506647
297,Kepler-1169,6028,60,4.271,0.1,0.227,0.04,12.716,0.1,1.883972197,0.018452095
298,KOI-3195,6039.7,60,3.952,0.1,-0.325,0.04,11.496,0.1,1.878653094,0.024828016
299,KOI-686,5598.5,60,4.327,0.1,0.003,0.04,13.579,0.1,1.874280836,0.016699338
300,Kepler-107,5866.5,60,4.114,0.1,0.323,0.04,12.487,0.1,1.872491336,0.020218511
301,Kepler-176,5105.9,60,4.577,0.1,0.131,0.04,14.55,0.1,1.867770447,0.0213837
302,KOI-350,5785.1,60,4.454,0.1,0.058,0.04,13.387,0.1,1.86682266,0.014243754
303,Kepler-36,5979.2,60,4.106,0.1,-0.179,0.04,11.866,0.1,1.865432656,0.021493004
304,Kepler-1332,5580.9,60,4.566,0.1,-0.009,0.04,13.756,0.1,1.862657215,0.014944967
305,Kepler-905,5434.7,60,4.514,0.1,0.145,0.04,13.984,0.1,1.86055158,0.014273372
306,Kepler-1104,6385.8,60,4.26,0.1,0.206,0.04,12.189,0.1,1.856970782,0.044186513
307,KOI-3052,5370.6,60,4.603,0.1,-0.122,0.04,13.573,0.1,1.847500013,0.014119578
308,Kepler-1408,6017.6,60,4.12,0.1,-0.069,0.04,12.003,0.1,1.840343943,0.021972325
309,KOI-2248,5148.2,60,4.572,0.1,0.122,0.04,15.498,0.1,1.835714868,0.706973331
310,Kepler-922,5533.6,60,4.436,0.1,-0.073,0.04,13.757,0.1,1.835674265,0.013308773
311,KOI-1316,5846.6,60,3.967,0.1,0.319,0.04,11.926,0.1,1.827268471,0.020650734
312,Kepler-1515,6338.7,60,4.274,0.1,-0.025,0.04,12.04,0.1,1.825551974,0.022264401
313,KOI-2159,5760.8,60,4.425,0.1,0.124,0.04,13.482,0.1,1.823984587,0.014513919
314,Kepler-1235,5326.6,60,4.332,0.1,0.083,0.04,13.889,0.1,1.820943276,0.014804075
315,Kepler-1604,4884.2,60,4.549,0.1,0.067,0.04,14.915,0.1,1.819115519,0.021205872
316,KOI-360,5990.8,60,4.295,0.1,-0.092,0.04,13.021,0.1,1.81336702,0.018852614
317,KOI-4556,5437.2,60,3.829,0.1,-0.107,0.04,11.981,0.1,1.813226427,0.023101985
318,KOI-1411,5671.6,60,4.22,0.1,0.342,0.04,13.377,0.1,1.812269381,0.015836792
319,KOI-3382,5370.9,60,4.416,0.1,0.15,0.04,13.857,0.1,1.811927542,0.020392851
320,Kepler-1061,5994.4,60,4.516,0.1,-0.089,0.04,13.263,0.1,1.81152474,0.014645463
321,Kepler-1298,6237.6,60,4.059,0.1,-0.022,0.04,11.392,0.1,1.809055088,0.022626368
322,Kepler-1458,5413.6,60,4.621,0.1,0.054,0.04,14.19,0.1,1.807913603,0.016229372
323,Kepler-999,6200.9,60,4.195,0.1,0.04,0.04,12.239,0.1,1.806315377,0.026983422
324,Kepler-956,5918.4,60,4.495,0.1,0.053,0.04,13.345,0.1,1.806220135,0.014234483
325,Kepler-1605,5087,60,3.81,0.1,-0.296,0.04,12.429,0.1,1.802086871,0.02208954
326,KOI-3236,6297.9,60,4.234,0.1,0.071,0.04,12.31,0.1,1.800008011,0.029210594
327,Kepler-986,5610.6,60,4.378,0.1,0.251,0.04,13.668,0.1,1.794931422,0.019423627
328,Kepler-142,5759,60,4.314,0.1,0.048,0.04,13.203,0.1,1.793686744,0.013506008
329,KOI-2749,6259.7,60,4.06,0.1,0.021,0.04,11.075,0.1,1.792082599,0.029560912
330,Kepler-1046,6004.2,60,4.499,0.1,0.036,0.04,13.286,0.1,1.789544152,0.092411543
331,KOI-4651,5714.9,60,4.571,0.1,0.04,0.04,13.818,0.1,1.782488168,0.020203203
332,Kepler-1586,6130.5,60,4.299,0.1,-0.206,0.04,13.096,0.1,1.780989874,0.014710781
333,Kepler-465,6207.3,60,4.348,0.1,-0.164,0.04,12.663,0.1,1.779437794,0.022422357
334,Kepler-605,5349.7,60,4.488,0.1,0.055,0.04,14.14,0.1,1.767899903,0.016790792
335,Kepler-640,5599.9,60,4.4,0.1,0.142,0.04,13.721,0.1,1.764021336,0.015340893
336,KOI-2733,4849.1,60,4.718,0.1,0.038,0.04,14.009,0.1,1.762279521,0.362856165
337,Kepler-165,5099.7,60,4.742,0.1,-0.248,0.04,14.802,0.1,1.754176579,0.019752832
338,Kepler-1035,5737.3,60,4.331,0.1,0.192,0.04,12.987,0.1,1.752964222,0.06186826
339,Kepler-145,6110.2,60,4.039,0.1,0.058,0.04,11.931,0.1,1.735662614,0.025527682
340,Kepler-1482,5427.8,60,4.558,0.1,0.004,0.04,13.747,0.1,1.73382932,0.034628371
341,Kepler-1005,5728.4,60,4.308,0.1,0.021,0.04,13.25,0.1,1.732303507,0.01351127
342,Kepler-1117,5428.6,60,4.479,0.1,0.218,0.04,14.102,0.1,1.730314863,0.01835797
343,Kepler-853,6318.2,60,4.255,0.1,0.119,0.04,12.32,0.1,1.729809608,0.021453923
344,KOI-2968,6211.6,60,3.997,0.1,-0.109,0.04,11.912,0.1,1.728522547,0.022834829
345,Kepler-477,5035.1,60,4.563,0.1,-0.375,0.04,13.536,0.1,1.725242739,0.085863867
346,Kepler-1199,5843.4,60,4.247,0.1,-0.382,0.04,13.037,0.1,1.719779887,0.099669534
347,KOI-3283,4835.6,60,4.745,0.1,-0.039,0.04,15.322,0.1,1.715058897,0.024099814
348,Kepler-961,5560,60,4.637,0.1,0.05,0.04,14.101,0.1,1.712437192,0.017326817
349,KOI-3046,5671.5,60,4.227,0.1,0.276,0.04,13.308,0.1,1.712095255,0.012733184
350,Kepler-828,4964.9,60,4.693,0.1,-0.083,0.04,15.055,0.1,1.709447177,0.019495085
351,Kepler-209,5563.9,60,4.482,0.1,0.14,0.04,13.998,0.1,1.704495607,0.016563872
352,KOI-4686,5697.4,60,3.9,0.1,0.334,0.04,12.327,0.1,1.70402493,0.024426218
353,KOI-2781,5700.5,60,4.164,0.1,-0.443,0.04,12.743,0.1,1.702522571,0.02903603
354,KOI-981,5049.6,60,3.303,0.1,-0.141,0.04,10.733,0.1,1.702273592,0.02388896
355,KOI-3907,6542.5,60,4.424,0.1,-0.123,0.04,12.642,0.1,1.701246157,0.024831914
356,Kepler-965,5880.7,60,4.316,0.1,-0.048,0.04,13.35,0.1,1.687100313,0.018151354
357,Kepler-140,6023.6,60,4.318,0.1,-0.028,0.04,12.996,0.1,1.684057603,0.020418452
358,KOI-4054,5253.4,60,4.615,0.1,0.108,0.04,14.566,0.1,1.683210318,0.019639566
359,Kepler-585,5542.3,60,4.551,0.1,0.264,0.04,14.034,0.1,1.680051727,0.016047558
360,KOI-4699,6114.6,60,4.287,0.1,0.052,0.04,12.889,0.1,1.678593082,0.018722745
361,Kepler-110,5956.1,60,4.273,0.1,-0.099,0.04,12.935,0.1,1.676379966,0.023378672
362,Kepler-6,5659.7,60,4.153,0.1,0.359,0.04,13.303,0.1,1.674652661,0.014482032
363,KOI-4421,5997.2,60,4.155,0.1,0.049,0.04,12.788,0.1,1.67280157,0.026649735
364,Kepler-436,4734.3,60,4.794,0.1,-0.088,0.04,15.856,0.1,1.67104619,0.043739008
365,KOI-4318,6466.8,60,4.321,0.1,-0.035,0.04,12.583,0.1,1.66940854,0.019297625
366,Kepler-189,5045.3,60,4.576,0.1,-0.036,0.04,14.859,0.1,1.661828406,0.019997496
367,KOI-2367,6064.6,60,4.138,0.1,0.159,0.04,12.618,0.1,1.661689554,0.021235387
368,Kepler-1443,6343.9,60,4.484,0.1,-0.068,0.04,12.278,0.1,1.658214984,0.059647217
369,KOI-4037,6190.8,60,4.297,0.1,-0.026,0.04,12.853,0.1,1.656961289,0.024555189
370,KOI-4961,4826,60,4.547,0.1,0.253,0.04,15.325,0.1,1.656955119,0.032429152
371,Kepler-831,5687.7,60,4.374,0.1,-0.076,0.04,13.687,0.1,1.656038349,0.015522971
372,Kepler-191,5191.1,60,4.688,0.1,0.13,0.04,14.808,0.1,1.653588548,0.022142507
373,Kepler-206,5690.8,60,4.293,0.1,0.056,0.04,13.484,0.1,1.653404246,0.013796305
374,KOI-2037,4882.9,60,4.643,0.1,0.205,0.04,15.213,0.1,1.651266088,0.02621578
375,Kepler-653,5612.1,60,4.236,0.1,0.327,0.04,13.387,0.1,1.650004807,0.012676472
376,KOI-2590,6205.6,60,3.996,0.1,-0.011,0.04,11.638,0.1,1.649895012,0.026773343
377,Kepler-889,5884.8,60,4.09,0.1,0.217,0.04,12.71,0.1,1.642704482,0.021014652
378,Kepler-242,4875.7,60,4.728,0.1,-0.023,0.04,15.376,0.1,1.637732272,0.030673098
379,Kepler-179,5256.9,60,4.503,0.1,0.121,0.04,14.613,0.1,1.622339422,0.017759598
380,KOI-3787,5672.8,60,4.436,0.1,0.107,0.04,13.891,0.1,1.615813096,0.019608869
381,Kepler-1442,6387.9,60,4.202,0.1,0.146,0.04,12.146,0.1,1.614387477,0.024924645
382,Kepler-181,5120,60,4.538,0.1,-0.045,0.04,14.707,0.1,1.612666173,0.021239697
383,Kepler-1274,6197.4,60,4.035,0.1,0.17,0.04,11.752,0.1,1.598613487,0.029259018
384,Kepler-1359,4698.9,60,4.651,0.1,-0.029,0.04,15.768,0.1,1.598535104,0.037043379
385,Kepler-1559,5223.5,60,4.44,0.1,0.13,0.04,14.5,0.1,1.59804903,0.024993287
386,KOI-2960,5913.4,60,4.211,0.1,0.069,0.04,13.147,0.1,1.595900761,0.011687877
387,Kepler-1485,5980.3,60,4.21,0.1,0.054,0.04,13.204,0.1,1.595555017,0.016700414
388,Kepler-339,5446.3,60,4.684,0.1,-0.002,0.04,14.531,0.1,1.593197477,0.024371328
389,KOI-1463,6532,60,4.187,0.1,-0.04,0.04,12.328,0.1,1.591343968,0.058704208
390,KOI-2396,5229.8,60,4.6,0.1,0.103,0.04,14.672,0.1,1.585461642,0.02175385
391,Kepler-1598,5763.2,60,4.515,0.1,0.053,0.04,13.874,0.1,1.584533821,0.018637775
392,KOI-3943,6175.4,60,4.228,0.1,-0.072,0.04,12.626,0.1,1.584119459,0.022934517
393,Kepler-561,5479.2,60,4.485,0.1,0.265,0.04,14.361,0.1,1.580852078,0.023988984
394,Kepler-115,5999.6,60,4.367,0.1,-0.024,0.04,13.431,0.1,1.574883976,0.017722515
395,Kepler-1227,5485.1,60,4.504,0.1,-0.069,0.04,14.183,0.1,1.574514518,0.015639239
396,Kepler-402,6119.1,60,4.381,0.1,-0.055,0.04,13.268,0.1,1.570408265,0.01852782
397,Kepler-246,5088.5,60,4.583,0.1,0.203,0.04,15.024,0.1,1.568774122,0.022608277
398,KOI-1311,5863.6,60,4.373,0.1,-0.242,0.04,13.498,0.1,1.566542218,0.015459255
399,KOI-2829,5875.3,60,4.136,0.1,0.002,0.04,12.824,0.1,1.565883443,0.02236247
400,Kepler-883,5953.4,60,4.334,0.1,-0.429,0.04,13.029,0.1,1.564979301,0.017691525
401,KOI-1315,6079.4,60,4.313,0.1,0.052,0.04,13.137,0.1,1.560329412,0.012830993
402,Kepler-491,5521.8,60,4.228,0.1,0.369,0.04,14.014,0.1,1.556527968,0.015883573
403,Kepler-1466,5551.5,60,4.473,0.1,-0.429,0.04,13.926,0.1,1.553599179,0.015354239
404,KOI-1754,6156.9,60,4.36,0.1,-0.038,0.04,13.964,0.1,1.551586592,0.014629782
405,Kepler-1232,5213.5,60,4.599,0.1,-0.017,0.04,14.803,0.1,1.551440952,0.01879241
406,Kepler-213,5658.2,60,4.277,0.1,0.154,0.04,13.648,0.1,1.546225132,0.017899989
407,Kepler-716,5063.6,60,4.703,0.1,-0.061,0.04,15.193,0.1,1.546180619,0.02159711
408,Kepler-549,5332.9,60,4.584,0.1,0.137,0.04,14.621,0.1,1.545670386,0.017089507
409,Kepler-648,5693.3,60,4.414,0.1,0.226,0.04,13.939,0.1,1.543547988,0.019252384
410,Kepler-201,6151.9,60,4.223,0.1,-0.028,0.04,13.004,0.1,1.542787752,0.023590243
411,Kepler-1593,4757.5,60,4.604,0.1,0.072,0.04,15.873,0.1,1.538857134,0.031932004
412,Kepler-569,5560.3,60,4.421,0.1,-0.063,0.04,14.106,0.1,1.537889477,0.017281963
413,Kepler-805,6111.6,60,4.139,0.1,-0.122,0.04,12.547,0.1,1.537741262,0.024426215
414,Kepler-522,6338,60,4.169,0.1,0.256,0.04,12.211,0.1,1.535859187,0.024901469
415,Kepler-77,5595.7,60,4.372,0.1,0.371,0.04,13.938,0.1,1.535181833,0.017124781
416,Kepler-803,5854.2,60,4.254,0.1,0.027,0.04,13.672,0.1,1.534325595,0.015970114
417,Kepler-1394,6421.5,60,3.949,0.1,-0.006,0.04,11.801,0.1,1.532808978,0.019658256
418,Kepler-57,5203.1,60,4.557,0.1,0.081,0.04,14.809,0.1,1.523858003,0.020635663
419,KOI-4329,6207.4,60,4.247,0.1,0.085,0.04,12.018,0.1,1.521597067,0.019348788
420,Kepler-11,5763.2,60,4.28,0.1,0.052,0.04,13.709,0.1,1.518406348,0.015144842
421,KOI-4850,5570.5,60,4.41,0.1,0.05,0.04,14.147,0.1,1.512016219,0.016636048
422,KOI-682,5620.4,60,4.303,0.1,0.335,0.04,13.916,0.1,1.511143267,0.017563116
423,Kepler-804,5704.5,60,4.318,0.1,-0.023,0.04,13.749,0.1,1.510501917,0.015071885
424,KOI-1928,5859.8,60,4.405,0.1,0.233,0.04,13.605,0.1,1.506975704,0.013673402
425,Kepler-192,5527.3,60,4.362,0.1,0.307,0.04,14.129,0.1,1.505708431,0.015758884
426,Kepler-511,5836.8,60,4.163,0.1,-0.352,0.04,12.747,0.1,1.505199366,0.02404775
427,Kepler-195,5232.3,60,4.641,0.1,0.039,0.04,14.813,0.1,1.504954341,0.020500992
428,Kepler-133,5711.8,60,4.151,0.1,0.286,0.04,12.848,0.1,1.502924249,0.044539344
429,Kepler-218,5593.7,60,4.316,0.1,0.371,0.04,13.967,0.1,1.494716198,0.014638372
430,Kepler-478,5154.2,60,4.521,0.1,-0.199,0.04,13.938,0.1,1.494237593,0.350628549
431,KOI-1901,5998.6,60,4.299,0.1,0.142,0.04,13.34,0.1,1.493174798,0.013870649
432,Kepler-111,5905.2,60,4.284,0.1,0.224,0.04,13.492,0.1,1.492720539,0.013696437
433,KOI-4674,5699.8,60,4.23,0.1,0.197,0.04,13.59,0.1,1.48882524,0.013955724
434,KOI-319,5955.8,60,3.977,0.1,0.173,0.04,12.711,0.1,1.486249411,0.022175156
435,Kepler-247,5059.6,60,4.475,0.1,0.296,0.04,15.067,0.1,1.478462145,0.030650469
436,Kepler-200,5784.9,60,4.476,0.1,-0.031,0.04,13.984,0.1,1.472910425,0.015989635
437,Kepler-526,5798.5,60,4.161,0.1,0.381,0.04,13.046,0.1,1.472501985,0.01799474
438,Kepler-1531,6183.8,60,4.3,0.1,-0.05,0.04,13.194,0.1,1.471875003,0.012360563
439,Kepler-464,5919.8,60,4.098,0.1,0.262,0.04,12.702,0.1,1.469305163,0.021342709
440,KOI-2815,5876.2,60,4.281,0.1,-0.054,0.04,13.529,0.1,1.469095169,0.017663258
441,Kepler-1067,5584.1,60,4.613,0.1,0.275,0.04,14.305,0.1,1.468965071,0.018309979
442,KOI-3023,6215.4,60,4.413,0.1,-0.098,0.04,13.33,0.1,1.463915568,0.024934281
443,Kepler-1547,5839.5,60,4.248,0.1,0.116,0.04,13.447,0.1,1.453290574,0.013029564
444,Kepler-1571,5638.2,60,4.59,0.1,-0.016,0.04,13.767,0.1,1.452130213,0.016935123
445,KOI-683,5869.4,60,4.318,0.1,0.152,0.04,13.714,0.1,1.452065422,0.015865002
446,Kepler-337,5634.4,60,3.96,0.1,0.066,0.04,12.727,0.1,1.446312858,0.020068496
447,Kepler-1327,5646.2,60,4.382,0.1,-0.273,0.04,13.914,0.1,1.445898165,0.012405286
448,Kepler-985,5425.2,60,4.672,0.1,0,0.04,14.767,0.1,1.443311042,0.019824617
449,Kepler-392,5951.3,60,4.384,0.1,-0.351,0.04,13.455,0.1,1.438731211,0.01640082
450,KOI-2758,5219.1,60,3.745,0.1,0.337,0.04,11.893,0.1,1.432253631,0.023520037
451,Kepler-535,6127.6,60,4.306,0.1,0.203,0.04,13.174,0.1,1.42972724,0.012494868
452,Kepler-204,5877.1,60,4.432,0.1,0.065,0.04,13.909,0.1,1.427374256,0.014879705
453,Kepler-212,5879.6,60,4.141,0.1,0.222,0.04,13.178,0.1,1.426452186,0.017717473
454,Kepler-1385,5727.1,60,4.182,0.1,0.32,0.04,12.858,0.1,1.423669279,0.032629585
455,KOI-5790,4877.1,60,4.591,0.1,0.145,0.04,15.518,0.1,1.420537671,0.026132291
456,KOI-1917,5935.5,60,4.341,0.1,-0.063,0.04,13.624,0.1,1.41974036,0.014099997
457,Kepler-554,5457.9,60,4.367,0.1,0.341,0.04,14.313,0.1,1.419466313,0.017912924
458,KOI-3608,5773.7,60,4.264,0.1,-0.113,0.04,13.556,0.1,1.419345541,0.015511872
459,KOI-644,5684.6,60,4.155,0.1,-0.095,0.04,13.725,0.1,1.41851728,0.019113545
460,Kepler-1156,5667.4,60,4.495,0.1,-0.189,0.04,14.152,0.1,1.417670808,0.014991449
461,Kepler-297,5692.6,60,4.514,0.1,-0.106,0.04,14.232,0.1,1.416010818,0.016555926
462,Kepler-461,5779.4,60,4.338,0.1,-0.064,0.04,13.704,0.1,1.415925738,0.013663699
463,Kepler-1100,5882.1,60,4.393,0.1,-0.064,0.04,13.862,0.1,1.412971119,0.016573189
464,Kepler-243,5149.3,60,4.511,0.1,0.263,0.04,15.086,0.1,1.412540981,0.019920037
465,Kepler-290,4962.3,60,4.714,0.1,-0.102,0.04,15.596,0.1,1.411326548,0.029263171
466,Kepler-1409,5112.8,60,4.621,0.1,0.179,0.04,15.168,0.1,1.410398663,0.020146514
467,Kepler-1069,5579,60,4.074,0.1,0.228,0.04,13.153,0.1,1.407991946,0.013065769
468,Kepler-424,5481.7,60,4.315,0.1,0.419,0.04,14.256,0.1,1.402773127,0.020297495
469,Kepler-1288,6431.4,60,4.339,0.1,0.033,0.04,13.321,0.1,1.400379638,0.09146995
470,Kepler-203,5886.6,60,4.407,0.1,0.079,0.04,13.989,0.1,1.393288293,0.019077365
471,Kepler-1435,6234.2,60,4.268,0.1,-0.138,0.04,12.938,0.1,1.39134075,0.018622362
472,Kepler-289,5989,60,4.596,0.1,0.027,0.04,13.956,0.1,1.390925441,0.017615177
473,KOI-2470,5846.5,60,4.215,0.1,0.301,0.04,13.655,0.1,1.383363964,0.024602713
474,KOI-3889,5752.4,60,4.192,0.1,0.202,0.04,13.608,0.1,1.381276735,0.014143864
475,Kepler-886,5856.7,60,4.494,0.1,-0.207,0.04,13.939,0.1,1.377044561,0.014027884
476,KOI-4002,5209.8,60,4.584,0.1,0.214,0.04,15.04,0.1,1.372614386,0.025217741
477,KOI-3338,6137.8,60,4.296,0.1,-0.169,0.04,13.427,0.1,1.371125739,0.013891325
478,Kepler-330,5027.8,60,4.515,0.1,0.158,0.04,15.261,0.1,1.365268554,0.026606414
479,Kepler-1258,5627.2,60,4.323,0.1,-0.327,0.04,13.835,0.1,1.36484884,0.016934351
480,KOI-4014,5942.5,60,4.313,0.1,0.066,0.04,13.685,0.1,1.364763632,0.016523116
481,Kepler-301,5656.5,60,4.455,0.1,0.184,0.04,14.271,0.1,1.36181592,0.019896945
482,Kepler-17,5722.4,60,4.534,0.1,0.333,0.04,14.141,0.1,1.358859913,0.019756621
483,KOI-2874,5234.2,60,4.465,0.1,-0.087,0.04,14.867,0.1,1.355740669,0.021611634
484,Kepler-422,5891.2,60,4.21,0.1,0.21,0.04,13.435,0.1,1.354645298,0.012515861
485,KOI-4431,6275,60,4.156,0.1,-0.128,0.04,12.674,0.1,1.35245124,0.020784164
486,KOI-4775,5209.7,60,3.804,0.1,0.465,0.04,12.999,0.1,1.351348257,0.017585001
487,KOI-2319,6097.3,60,4.312,0.1,-0.019,0.04,13.355,0.1,1.350574222,0.01591257
488,KOI-4580,5891.8,60,4.199,0.1,-0.183,0.04,13.01,0.1,1.34913919,0.019927774
489,KOI-2250,4958.3,60,4.63,0.1,0.133,0.04,15.622,0.1,1.34841771,0.028139038
490,KOI-1863,5988.6,60,4.415,0.1,0.198,0.04,13.631,0.1,1.346294725,0.012853027
491,Kepler-553,5182.1,60,4.389,0.1,0.183,0.04,14.924,0.1,1.344234837,0.023498586
492,Kepler-1479,5713.4,60,4.221,0.1,-0.049,0.04,13.785,0.1,1.343585755,0.016550736
493,KOI-4480,5633.9,60,4.425,0.1,0.32,0.04,14.122,0.1,1.342847879,0.018639204
494,KOI-2559,5859.6,60,4.312,0.1,0.122,0.04,13.799,0.1,1.341391415,0.014030221
495,Kepler-69,5629.6,60,4.292,0.1,-0.219,0.04,13.749,0.1,1.339891664,0.014232247
496,KOI-4226,5843.6,60,3.866,0.1,0.346,0.04,12.83,0.1,1.337057647,0.031187366
497,Kepler-520,6009.3,60,4.451,0.1,-0.087,0.04,12.797,0.1,1.336981184,0.124295725
498,KOI-2969,6023.5,60,4.051,0.1,0.193,0.04,12.567,0.1,1.336159645,0.715278602
499,KOI-2949,5913,60,4.163,0.1,0.076,0.04,13.313,0.1,1.33495324,0.013887943
500,Kepler-1619,5649.6,60,4.202,0.1,-0.268,0.04,13.341,0.1,1.332001528,0.014741161
501,KOI-1984,6000.4,60,4.305,0.1,0.128,0.04,13.698,0.1,1.331142288,0.015855571
502,Kepler-170,5573.3,60,4.287,0.1,0.385,0.04,14.387,0.1,1.325139584,0.019816165
503,Kepler-248,4973,60,3.945,0.1,0.165,0.04,15.258,0.1,1.325112841,0.023162745
504,Kepler-1015,6443.3,60,4.299,0.1,0.033,0.04,12.818,0.1,1.324232469,0.026328997
505,Kepler-15,5662.1,60,4.19,0.1,0.266,0.04,13.758,0.1,1.323834068,0.020250726
506,Kepler-1082,5846.7,60,4.146,0.1,-0.127,0.04,13.38,0.1,1.323318013,0.014008929
507,Kepler-230,5253.1,60,4.614,0.1,-0.21,0.04,15.082,0.1,1.32146689,0.024628007
508,KOI-399,6141.7,60,4.491,0.1,0.008,0.04,12.947,0.1,1.317902802,0.021087792
509,Kepler-420,5500.7,60,4.293,0.1,0.317,0.04,14.651,0.1,1.30902354,0.953778337
510,Kepler-1501,6015.9,60,4.308,0.1,-0.154,0.04,13.71,0.1,1.306152153,0.012508873
511,Kepler-527,6208.5,60,4.417,0.1,0.108,0.04,13.39,0.1,1.304417519,0.013409904
512,Kepler-655,6145.4,60,4.356,0.1,-0.111,0.04,13.489,0.1,1.300074188,0.01594935
513,Kepler-1338,5834.2,60,4.167,0.1,0.219,0.04,13.615,0.1,1.298863104,0.018782224
514,Kepler-914,5804.2,60,4.167,0.1,0.257,0.04,13.574,0.1,1.297966278,0.015662122
515,KOI-3240,6073,60,3.875,0.1,0.248,0.04,12.341,0.1,1.295490076,0.026854061
516,KOI-340,5701.2,60,4.08,0.1,0.353,0.04,13.057,0.1,1.295304034,0.014034184
517,Kepler-1412,5759.1,60,4.099,0.1,-0.031,0.04,13.219,0.1,1.29451573,0.015226408
518,Kepler-439,5497.8,60,4.459,0.1,0.102,0.04,14.56,0.1,1.292241906,0.019601819
519,Kepler-725,5399.3,60,4.618,0.1,0.135,0.04,15.011,0.1,1.289909885,0.023519217
520,Kepler-222,5314.6,60,4.555,0.1,0.328,0.04,15.063,0.1,1.289312865,0.025471902
521,Kepler-363,5648.4,60,4.004,0.1,0.443,0.04,13.353,0.1,1.282441021,0.012259394
522,Kepler-85,5519.9,60,4.553,0.1,0.123,0.04,14.779,0.1,1.278619927,0.022803883
523,Kepler-368,5458.8,60,3.907,0.1,0.127,0.04,12.848,0.1,1.268544772,0.022782246
524,Kepler-1590,5707.1,60,4.356,0.1,-0.308,0.04,14.11,0.1,1.268037901,0.017814597
525,Kepler-208,6053.6,60,4.239,0.1,0.019,0.04,13.749,0.1,1.261017567,0.014623291
526,Kepler-1434,6251,60,4.062,0.1,0.242,0.04,12.086,0.1,1.260970897,0.023809493
527,Kepler-46,5162,60,4.587,0.1,0.172,0.04,15.262,0.1,1.258594226,0.027685138
528,Kepler-311,5897.3,60,4.288,0.1,-0.027,0.04,13.797,0.1,1.255453001,0.015085777
529,Kepler-257,5117.8,60,4.42,0.1,0.396,0.04,15.471,0.1,1.253532554,0.027973569
530,Kepler-642,6380,60,4.466,0.1,0.041,0.04,13.343,0.1,1.250671545,0.013811118
531,Kepler-342,6272.3,60,4.254,0.1,0.099,0.04,13.147,0.1,1.250640438,0.015616117
532,Kepler-224,5045.7,60,4.6,0.1,-0.064,0.04,15.644,0.1,1.250397847,0.02967672
533,Kepler-1421,6189.6,60,4.055,0.1,-0.056,0.04,12.788,0.1,1.247853571,0.02122159
534,Kepler-51,5673.8,60,4.697,0.1,0.047,0.04,14.669,0.1,1.247262325,0.021710208
535,Kepler-528,5723.7,60,4.25,0.1,0.075,0.04,13.936,0.1,1.246393477,0.015709537
536,KOI-2479,5372.3,60,3.875,0.1,0.079,0.04,12.939,0.1,1.246069144,0.022598414
537,Kepler-637,6281,60,4.369,0.1,-0.051,0.04,13.413,0.1,1.24337278,0.015241032
538,KOI-2831,5752.4,60,3.924,0.1,-0.012,0.04,12.557,0.1,1.242202946,0.019009356
539,Kepler-219,5873.3,60,4.278,0.1,0.358,0.04,13.764,0.1,1.241775437,0.016947453
540,Kepler-760,5239.3,60,4.463,0.1,0.298,0.04,15.07,0.1,1.233642794,0.025493752
541,Kepler-1622,6187.8,60,4.298,0.1,0.105,0.04,13.385,0.1,1.226752852,0.014157622
542,Kepler-312,6223.5,60,4.484,0.1,0.146,0.04,12.949,0.1,1.225165912,0.021587739
543,Kepler-387,5789.1,60,4.311,0.1,-0.299,0.04,13.987,0.1,1.219592181,0.016675222
544,Kepler-1264,5605.7,60,4.631,0.1,-0.078,0.04,14.511,0.1,1.219249217,0.039117815
545,Kepler-982,6332.5,60,4.278,0.1,-0.196,0.04,13.205,0.1,1.219147658,0.023253505
546,Kepler-443,4780.6,60,4.561,0.1,0.016,0.04,15.891,0.1,1.21844638,0.034876354
547,Kepler-990,5577.4,60,4.372,0.1,-0.112,0.04,14.498,0.1,1.218050333,0.018972396
548,Kepler-1193,5850.9,60,4.146,0.1,0.092,0.04,13.467,0.1,1.217916643,0.016389626
549,Kepler-1025,6031.4,60,4.257,0.1,-0.217,0.04,13.573,0.1,1.216385322,0.038485721
550,Kepler-500,5747.8,60,4.222,0.1,0.243,0.04,14.176,0.1,1.209828634,0.01844819
551,KOI-3172,6086.4,60,4.003,0.1,-0.014,0.04,10.609,0.1,1.2092987,0.027025252
552,KOI-3214,5934.9,60,4.063,0.1,-0.056,0.04,12.014,0.1,1.20929303,0.08955155
553,KOI-4198,6105.1,60,3.991,0.1,-0.383,0.04,12.638,0.1,1.209048929,0.02266469
554,Kepler-1213,5940.5,60,4.119,0.1,-0.082,0.04,13.386,0.1,1.209045296,0.012866195
555,Kepler-143,5801.9,60,4.178,0.1,-0.011,0.04,13.77,0.1,1.206700352,0.016979337
556,KOI-4839,6108.4,60,4.126,0.1,-0.1,0.04,13.547,0.1,1.202266982,0.018246712
557,Kepler-404,5326.4,60,4.623,0.1,-0.032,0.04,15.228,0.1,1.202126081,0.021651242
558,Kepler-1328,5596.7,60,4.164,0.1,-0.023,0.04,13.836,0.1,1.200415591,0.016300383
559,Kepler-380,6031,60,4.291,0.1,-0.157,0.04,13.652,0.1,1.200301244,0.021432815
560,KOI-2984,6123.2,60,4.088,0.1,0.09,0.04,13.066,0.1,1.199556291,0.013752073
561,KOI-4792,5902.2,60,4.413,0.1,0.065,0.04,14.199,0.1,1.199377588,0.015305237
562,Kepler-389,5072.1,60,4.655,0.1,-0.1,0.04,15.77,0.1,1.19667672,0.032323503
563,Kepler-1047,5658.6,60,4.232,0.1,0.289,0.04,13.351,0.1,1.194193395,0.014618279
564,Kepler-849,5978.8,60,4.026,0.1,0.138,0.04,12.849,0.1,1.187820305,0.023525271
565,Kepler-325,5540.7,60,4.735,0.1,0.023,0.04,15.009,0.1,1.18606507,0.020806551
566,Kepler-285,5296.3,60,4.603,0.1,0.172,0.04,15.173,0.1,1.184598736,0.022935248
567,Kepler-229,5001.6,60,4.678,0.1,0.062,0.04,15.841,0.1,1.182198363,0.033749695
568,KOI-5269,5343,60,4.608,0.1,-0.028,0.04,15.392,0.1,1.181375503,0.025845404
569,Kepler-320,6134.3,60,4.28,0.1,-0.064,0.04,13.474,0.1,1.180995108,0.015387057
570,Kepler-172,5613.4,60,4.338,0.1,0.386,0.04,14.532,0.1,1.178462946,0.026146189
571,KOI-1812,5940.7,60,4.211,0.1,-0.042,0.04,13.742,0.1,1.176461811,0.014671534
572,KOI-2582,5857,60,4.162,0.1,0.297,0.04,13.628,0.1,1.176157239,0.017731731
573,Kepler-521,6563.3,60,4.237,0.1,0.062,0.04,12.885,0.1,1.175422127,0.020295593
574,KOI-1145,6007,60,4.429,0.1,0.086,0.04,14.143,0.1,1.175381579,0.019210606
575,Kepler-173,5941.1,60,4.434,0.1,0.065,0.04,14.209,0.1,1.171798312,0.021192119
576,KOI-375,5804.3,60,4.026,0.1,0.215,0.04,13.293,0.1,1.168093451,0.01311313
577,Kepler-23,5823.3,60,4.057,0.1,-0.09,0.04,13.438,0.1,1.167767015,0.016072886
578,Kepler-859,4923.2,60,4.7,0.1,-0.186,0.04,15.887,0.1,1.162880675,0.038586579
579,Kepler-1365,5699.6,60,4.055,0.1,0.155,0.04,13.421,0.1,1.161594185,0.016481651
580,Kepler-403,6094,60,4.064,0.1,0.089,0.04,12.805,0.1,1.161535939,0.022560184
581,Kepler-1218,5832.2,60,4.097,0.1,-0.064,0.04,13.578,0.1,1.161084996,0.018064923
582,Kepler-474,5667,60,4.131,0.1,-0.173,0.04,13.494,0.1,1.159608374,0.015414583
583,Kepler-426,5535.3,60,4.48,0.1,-0.169,0.04,14.835,0.1,1.156560069,0.019053968
584,Kepler-432,5002.2,60,3.423,0.1,0.075,0.04,12.183,0.1,1.150947056,0.027818514
585,Kepler-90,6015.4,60,4.265,0.1,0.098,0.04,13.804,0.1,1.150071414,0.014920965
586,Kepler-930,5855.8,60,4.129,0.1,0.129,0.04,13.781,0.1,1.150040231,0.016085119
587,Kepler-1266,4976,60,4.68,0.1,-0.241,0.04,15.86,0.1,1.149484379,0.035323182
588,Kepler-915,6080.9,60,4.164,0.1,0.024,0.04,13.298,0.1,1.148971647,0.013504146
589,KOI-4235,6299.5,60,4.253,0.1,-0.001,0.04,13.224,0.1,1.14892998,0.01642153
590,Kepler-639,5834.3,60,4.055,0.1,-0.017,0.04,13.336,0.1,1.147398748,0.015337681
591,KOI-4505,6076.7,60,4.275,0.1,-0.11,0.04,13.615,0.1,1.145234153,0.014771584
592,KOI-3451,6003.2,60,4.391,0.1,0.038,0.04,14.056,0.1,1.144872996,0.015531886
593,Kepler-1398,5969.3,60,4.226,0.1,-0.043,0.04,13.71,0.1,1.144641552,0.014496679
594,Kepler-1344,5814.9,60,4.313,0.1,-0.002,0.04,14.083,0.1,1.142285038,0.01800224
595,KOI-1276,5486.3,60,4.393,0.1,0.14,0.04,14.766,0.1,1.13977855,0.019150934
596,KOI-4457,6051.1,60,4.152,0.1,-0.202,0.04,13.815,0.1,1.138582659,0.04954051
597,KOI-5888,5173.8,60,4.591,0.1,-0.078,0.04,15.491,0.1,1.138395985,0.026637878
598,Kepler-1090,5324.8,60,4.714,0.1,0.013,0.04,15.001,0.1,1.137107935,0.03695493
599,Kepler-483,6318.8,60,4.349,0.1,-0.215,0.04,13.432,0.1,1.133512541,0.01365215
600,Kepler-245,5104.8,60,4.671,0.1,0.124,0.04,15.599,0.1,1.13294562,0.033814169
601,Kepler-171,5528.9,60,4.509,0.1,0.173,0.04,14.883,0.1,1.1294002,0.024362628
602,KOI-4665,5621.5,60,4.001,0.1,-0.022,0.04,13.696,0.1,1.127003621,0.022962223
603,Kepler-1523,5568.2,60,4.437,0.1,0.148,0.04,14.86,0.1,1.126937993,0.023687361
604,KOI-2631,5754.5,60,4.177,0.1,-0.402,0.04,13.468,0.1,1.126546787,0.015414417
605,Kepler-1662,5922.8,60,4.291,0.1,0.11,0.04,13.929,0.1,1.126367589,0.017909666
606,Kepler-1311,5754.2,60,4.059,0.1,0.101,0.04,13.349,0.1,1.125574301,0.017550608
607,KOI-3114,6217.6,60,4.042,0.1,0.203,0.04,12.277,0.1,1.122576171,0.025039508
608,KOI-4430,5104.5,60,4.619,0.1,0.106,0.04,15.544,0.1,1.121816477,0.027226033
609,Kepler-391,5090.2,60,3.702,0.1,0.148,0.04,13.007,0.1,1.121662894,0.01675846
610,KOI-4833,5747.3,60,4.108,0.1,0.022,0.04,13.6,0.1,1.121305893,0.015049302
611,Kepler-712,4926.8,60,4.087,0.1,-0.083,0.04,15.859,0.1,1.119379368,0.042348783
612,KOI-4066,6317.8,60,4.296,0.1,0.091,0.04,13.666,0.1,1.119182803,0.014734961
613,Kepler-487,5456.4,60,4.468,0.1,0.107,0.04,14.991,0.1,1.118316288,0.027166013
614,KOI-2516,5431.3,60,3.907,0.1,0.304,0.04,13.388,0.1,1.114755695,0.014937177
615,Kepler-207,5969.1,60,4.092,0.1,0.293,0.04,13.182,0.1,1.113336418,0.012670233
616,Kepler-360,5604.2,60,4.589,0.1,0.147,0.04,14.866,0.1,1.112824142,0.01980519
617,KOI-1466,4817,60,4.412,0.1,0.261,0.04,15.962,0.1,1.112563747,0.035886692
618,KOI-2571,5267.6,60,4.502,0.1,0.263,0.04,14.434,0.1,1.107367249,0.030709568
619,Kepler-1219,6002.8,60,3.924,0.1,0.139,0.04,12.249,0.1,1.106848957,0.023191494
620,Kepler-393,6329.7,60,4.293,0.1,0.047,0.04,13.223,0.1,1.105847553,0.017639705
621,Kepler-12,5926.5,60,4.014,0.1,0.033,0.04,13.438,0.1,1.105700773,0.012454033
622,KOI-1120,4929.4,60,3.577,0.1,0.171,0.04,11.753,0.1,1.101693863,0.025352162
623,KOI-3503,6001.3,60,4.292,0.1,-0.474,0.04,13.827,0.1,1.098607825,0.015599251
624,Kepler-1278,6009.8,60,4.177,0.1,0.026,0.04,13.658,0.1,1.095679636,0.020329876
625,Kepler-272,5439.2,60,4.404,0.1,0.042,0.04,14.678,0.1,1.095474587,0.017438929
626,Kepler-1457,5845.7,60,4.168,0.1,-0.122,0.04,14.06,0.1,1.094924631,0.014564215
627,Kepler-656,5251.4,60,4.412,0.1,0.295,0.04,15.342,0.1,1.094715878,0.026100832
628,Kepler-164,5923.2,60,4.397,0.1,0,0.04,14.282,0.1,1.093873427,0.016863711
629,Kepler-1256,5993.8,60,4.133,0.1,-0.01,0.04,13.539,0.1,1.093359236,0.016427921
630,Kepler-364,6090.2,60,4.253,0.1,-0.037,0.04,13.66,0.1,1.092874305,0.012355358
631,Kepler-384,5540.8,60,4.104,0.1,-0.293,0.04,13.584,0.1,1.087617239,0.013132902
632,Kepler-1617,5902.6,60,4.166,0.1,-0.116,0.04,13.63,0.1,1.084405456,0.015629358
633,Kepler-5,6331.9,60,4.121,0.1,0.022,0.04,13.369,0.1,1.082938849,0.020191299
634,Kepler-619,5816.3,60,4.596,0.1,0.077,0.04,14.697,0.1,1.081619123,0.020037195
635,KOI-64,5356.9,60,3.86,0.1,0.094,0.04,13.143,0.1,1.077901248,0.014401883
636,Kepler-82,5400.5,60,4.372,0.1,0.201,0.04,15.158,0.1,1.077619268,0.026787554
637,Kepler-1488,5799.5,60,3.954,0.1,0.128,0.04,13.102,0.1,1.07511993,0.013911778
638,KOI-1242,6139.1,60,4.256,0.1,-0.008,0.04,13.75,0.1,1.069645228,0.018674518
639,Kepler-56,4911.7,60,3.383,0.1,0.401,0.04,12.44,0.1,1.067285858,0.028013402
640,Kepler-154,5666.2,60,4.346,0.1,0.019,0.04,14.534,0.1,1.06395613,0.019692896
641,Kepler-430,5935.6,60,4.18,0.1,0.198,0.04,13.848,0.1,1.061273671,0.019128512
642,Kepler-1570,5366.8,60,3.934,0.1,-0.285,0.04,13.961,0.1,1.059510747,0.016481323
643,KOI-1118,6010.1,60,4.247,0.1,-0.044,0.04,13.835,0.1,1.056978929,0.017524713
644,Kepler-1657,5793.3,60,4.304,0.1,0.224,0.04,14.524,0.1,1.056420035,0.027285281
645,KOI-4653,6138,60,4.189,0.1,-0.001,0.04,13.52,0.1,1.056379379,0.01401079
646,Kepler-7,6084.1,60,3.986,0.1,0.193,0.04,12.885,0.1,1.055448702,0.023513054
647,Kepler-251,5492.2,60,4.466,0.1,-0.059,0.04,15.223,0.1,1.053762624,0.030701797
648,KOI-4366,5270.6,60,4.545,0.1,-0.119,0.04,15.556,0.1,1.050232291,0.02857887
649,Kepler-343,5781.4,60,4.169,0.1,0.18,0.04,14.128,0.1,1.050049422,0.021704595
650,Kepler-101,5660.6,60,4.068,0.1,0.392,0.04,13.77,0.1,1.048839154,0.017053095
651,Kepler-1001,5439.5,60,4.651,0.1,0.041,0.04,15.338,0.1,1.048032451,0.026917234
652,KOI-3425,6149.1,60,4.05,0.1,0.009,0.04,13.266,0.1,1.047846008,0.017262024
653,KOI-4060,5792.3,60,4.077,0.1,0.179,0.04,13.841,0.1,1.04682586,0.017634304
654,Kepler-361,6145,60,4.17,0.1,0.041,0.04,13.573,0.1,1.046287108,0.01776455
655,Kepler-633,5855.6,60,4.151,0.1,-0.175,0.04,13.716,0.1,1.042757606,0.016401126
656,Kepler-382,5719.5,60,4.326,0.1,0.127,0.04,14.623,0.1,1.040699242,0.022639227
657,KOI-4978,5545.8,60,4.597,0.1,0.183,0.04,15.278,0.1,1.03972261,0.028743053
658,KOI-415,5655.6,60,4.226,0.1,-0.196,0.04,14.11,0.1,1.038908418,0.015991888
659,Kepler-160,5616.5,60,4.335,0.1,0.198,0.04,14.619,0.1,1.038509592,0.018284432
660,KOI-2840,5621.4,60,4.012,0.1,-0.032,0.04,13.884,0.1,1.038283135,0.017430826
661,Kepler-1070,6090.3,60,4.368,0.1,-0.047,0.04,13.977,0.1,1.03612122,0.013158922
662,KOI-4822,5787.4,60,3.992,0.1,-0.023,0.04,13.474,0.1,1.035522464,0.014024655
663,Kepler-349,5883.8,60,4.585,0.1,0.213,0.04,14.746,0.1,1.034520144,0.021064911
664,Kepler-1052,5737.6,60,4.595,0.1,0.117,0.04,14.876,0.1,1.03137245,0.01917035
665,Kepler-839,5936.3,60,4.119,0.1,0.137,0.04,13.601,0.1,1.029914926,0.015264074
666,Kepler-270,6098.6,60,4.283,0.1,0.155,0.04,13.908,0.1,1.025153119,0.014164303
667,Kepler-116,6219.8,60,4.28,0.1,0.071,0.04,13.717,0.1,1.01829077,0.016664147
668,KOI-4614,6070.6,60,4.189,0.1,0.082,0.04,13.784,0.1,1.016213306,0.014605632
669,Kepler-980,5830.7,60,4.193,0.1,0.011,0.04,14.138,0.1,1.011459532,0.017893517
670,Kepler-401,6044.6,60,4.043,0.1,0.004,0.04,13.312,0.1,1.006911123,0.017615911
671,Kepler-1533,6320.3,60,4.154,0.1,-0.22,0.04,13.215,0.1,1.005825983,0.019365845
672,Kepler-188,5706.5,60,4.366,0.1,0.15,0.04,14.674,0.1,1.003923488,0.023156109
673,Kepler-654,5846.3,60,4.078,0.1,0.127,0.04,13.645,0.1,0.997898699,0.016286962
674,Kepler-293,5482.7,60,4.53,0.1,0.097,0.04,15.368,0.1,0.997498792,0.023771317
675,KOI-2312,6327.8,60,3.909,0.1,-0.275,0.04,12.982,0.1,0.992393417,0.02416574
676,KOI-1375,6201.8,60,4.275,0.1,-0.19,0.04,13.709,0.1,0.992175313,0.018112738
677,KOI-4881,6286.2,60,4.248,0.1,-0.02,0.04,12.892,0.1,0.991071675,0.014404932
678,Kepler-1340,5909.4,60,4.401,0.1,0.109,0.04,14.758,0.1,0.990413118,0.02449045
679,Kepler-1072,6004.4,60,4.191,0.1,0.09,0.04,13.93,0.1,0.988813618,0.015280531
680,KOI-3100,5955.3,60,4.056,0.1,0.273,0.04,13.429,0.1,0.988074453,0.012877787
681,Kepler-346,5511.4,60,4.544,0.1,0.099,0.04,15.214,0.1,0.987735033,0.026723769
682,KOI-2083,6032.7,60,4.372,0.1,-0.032,0.04,13.516,0.1,0.98653632,0.161990488
683,KOI-2641,5796.5,60,4.071,0.1,-0.003,0.04,13.845,0.1,0.985661177,0.018246614
684,KOI-3132,6256.8,60,4.069,0.1,0.432,0.04,12.649,0.1,0.980664839,0.024623044
685,Kepler-638,5319.5,60,3.888,0.1,-0.072,0.04,13.532,0.1,0.980072634,0.015773872
686,KOI-3891,5079.8,60,3.746,0.1,-0.102,0.04,13.731,0.1,0.973970019,0.017470577
687,Kepler-1580,6300.2,60,3.982,0.1,0.118,0.04,12.561,0.1,0.969462669,0.024101249
688,Kepler-259,5510.9,60,4.507,0.1,-0.085,0.04,15.219,0.1,0.969385812,0.025377662
689,KOI-1239,5746.6,60,4.37,0.1,-0.047,0.04,15.005,0.1,0.969243238,0.032491752
690,Kepler-1370,6190.4,60,4.166,0.1,0.22,0.04,13.701,0.1,0.967127183,0.015788183
691,KOI-4156,5807,60,4.052,0.1,0.245,0.04,13.809,0.1,0.966843453,0.016850291
692,KOI-4603,6245.1,60,4.263,0.1,0.187,0.04,13.629,0.1,0.966124568,0.016971073
693,Kepler-43,5956.8,60,4.195,0.1,0.343,0.04,13.958,0.1,0.965345021,0.01391868
694,Kepler-193,5975.5,60,4.415,0.1,-0.004,0.04,14.615,0.1,0.962587139,0.021836246
695,KOI-1857,5742.9,60,4.422,0.1,-0.034,0.04,13.748,0.1,0.96245228,0.215811058
696,Kepler-978,5996.4,60,4.385,0.1,-0.103,0.04,13.429,0.1,0.961005949,0.244039368
697,Kepler-419,6383,60,4.182,0.1,0.168,0.04,13.005,0.1,0.960327312,0.024066759
698,KOI-3086,5226.5,60,4.558,0.1,-0.155,0.04,15.707,0.1,0.955376514,0.027101062
699,Kepler-79,6388.8,60,4.326,0.1,0.061,0.04,13.914,0.1,0.951088948,0.016260257
700,Kepler-123,6153.8,60,4.277,0.1,-0.081,0.04,14.061,0.1,0.950448182,0.020969633
701,Kepler-8,6181.3,60,4.238,0.1,-0.084,0.04,13.563,0.1,0.949757728,0.013852621
702,Kepler-596,5983.7,60,4.265,0.1,-0.059,0.04,14.02,0.1,0.948052675,0.021837045
703,Kepler-60,5833.7,60,4.109,0.1,-0.043,0.04,13.959,0.1,0.946820848,0.018501975
704,Kepler-256,5607.4,60,4.317,0.1,0.259,0.04,15.065,0.1,0.94574983,0.022268827
705,Kepler-1587,5774.1,60,4.01,0.1,0.048,0.04,14.09,0.1,0.945453335,0.017069584
706,Kepler-1383,6092.8,60,4.142,0.1,-0.24,0.04,13.716,0.1,0.945245351,0.021955311
707,Kepler-1293,6219.1,60,4.135,0.1,0.125,0.04,13.383,0.1,0.943766577,0.013821635
708,KOI-2677,6129.9,60,4.046,0.1,0.031,0.04,13.46,0.1,0.94186274,0.016735136
709,KOI-2398,6165.5,60,4.147,0.1,-0.299,0.04,13.579,0.1,0.940641057,0.014143507
710,KOI-4269,4965.9,60,3.557,0.1,0.074,0.04,13.263,0.1,0.940416016,0.017119754
711,KOI-5198,5348.8,60,4.595,0.1,0.035,0.04,15.683,0.1,0.938856255,0.036567577
712,Kepler-244,5498.2,60,4.532,0.1,0.075,0.04,15.604,0.1,0.936665406,0.032396463
713,KOI-1477,5259.2,60,4.689,0.1,-0.016,0.04,15.917,0.1,0.936231071,0.032673576
714,Kepler-1391,5781.4,60,4.065,0.1,0.338,0.04,13.852,0.1,0.934363972,0.016153193
715,Kepler-1071,5166.7,60,4.656,0.1,0.154,0.04,15.801,0.1,0.932441505,0.042707509
716,Kepler-1415,5200.3,60,4.386,0.1,0.375,0.04,15.744,0.1,0.930225993,0.035652424
717,Kepler-27,5263.8,60,4.651,0.1,0.125,0.04,15.855,0.1,0.930143053,0.036018722
718,KOI-4633,5984.5,60,4.102,0.1,0.104,0.04,13.848,0.1,0.929468454,0.015231284
719,KOI-611,6349.9,60,4.353,0.1,0.111,0.04,14.022,0.1,0.929295266,0.016343378
720,Kepler-313,5708.6,60,4.18,0.1,0.259,0.04,14.167,0.1,0.926444693,0.075720119
721,KOI-6734,5434.3,60,4.481,0.1,0.402,0.04,15.477,0.1,0.922872,0.024025366
722,Kepler-299,5678.2,60,4.354,0.1,0.12,0.04,15.017,0.1,0.921755169,0.023403986
723,KOI-4022,5997.6,60,3.964,0.1,-0.081,0.04,13.269,0.1,0.918902591,0.012626273
724,Kepler-524,5838.1,60,4.09,0.1,0.012,0.04,13.928,0.1,0.916170815,0.013230336
725,Kepler-394,5870.8,60,4.482,0.1,-0.302,0.04,14.79,0.1,0.916012814,0.021314208
726,Kepler-643,4933,60,3.66,0.1,0.246,0.04,13.781,0.1,0.911450392,0.015371395
727,KOI-2891,6141.6,60,4.024,0.1,0.144,0.04,13.126,0.1,0.909817094,0.322075362
728,KOI-1271,6263.2,60,4.212,0.1,-0.275,0.04,13.632,0.1,0.907365252,0.013930151
729,KOI-2659,5076.9,60,3.402,0.1,0.244,0.04,12.998,0.1,0.905946661,0.019148907
730,KOI-2082,6004.5,60,4.226,0.1,0.323,0.04,14.143,0.1,0.905832159,0.018551757
731,KOI-2410,5647.7,60,4.486,0.1,-0.089,0.04,15.141,0.1,0.904389462,0.021544844
732,Kepler-1093,6314.3,60,4.259,0.1,-0.142,0.04,13.838,0.1,0.903339504,0.018178001
733,KOI-5877,5502.3,60,4.573,0.1,0.052,0.04,15.571,0.1,0.899465407,0.034114275
734,KOI-5855,5701.6,60,4.47,0.1,0.14,0.04,15.138,0.1,0.896904259,0.022749447
735,Kepler-227,5538.9,60,4.443,0.1,0.102,0.04,15.347,0.1,0.894851912,0.025091021
736,Kepler-647,5914,60,4.176,0.1,-0.298,0.04,13.965,0.1,0.890438771,0.016408842
737,Kepler-1054,5909.2,60,4.184,0.1,0.346,0.04,14.136,0.1,0.888326558,0.018766809
738,Kepler-373,5601.6,60,4.469,0.1,0.141,0.04,14.514,0.1,0.888301126,0.018778039
739,KOI-3500,6079.5,60,3.998,0.1,0.195,0.04,13.214,0.1,0.888232599,0.020164475
740,KOI-4864,5751.7,60,3.862,0.1,-0.215,0.04,13.221,0.1,0.885961273,0.013967655
741,KOI-2796,5687,60,4.34,0.1,-0.008,0.04,14.832,0.1,0.884249115,0.019132317
742,Kepler-1269,5937.1,60,4.006,0.1,0.149,0.04,13.611,0.1,0.882619302,0.017343831
743,KOI-684,5287.2,60,3.837,0.1,0.102,0.04,13.831,0.1,0.880589367,0.012514049
744,Kepler-217,6554.2,60,4.168,0.1,-0.074,0.04,13.294,0.1,0.876459427,0.013527064
745,KOI-2885,5491.7,60,3.927,0.1,-0.364,0.04,13.776,0.1,0.875289031,0.014806812
746,KOI-4771,6286.8,60,4.265,0.1,-0.078,0.04,13.964,0.1,0.87089596,0.014136738
747,KOI-4588,6203.6,60,4.104,0.1,-0.141,0.04,12.912,0.1,0.870191096,0.019365873
748,Kepler-1440,5653.5,60,4.009,0.1,0.217,0.04,14.131,0.1,0.867838383,0.019006906
749,Kepler-1000,6421,60,4.231,0.1,0.102,0.04,13.256,0.1,0.867488554,0.013318622
750,KOI-2228,6656.3,60,4.19,0.1,-0.103,0.04,12.678,0.1,0.863527475,0.029298649
751,Kepler-1226,6000.1,60,4.18,0.1,0.195,0.04,14.15,0.1,0.860293369,0.030421665
752,Kepler-67,5238.4,60,4.709,0.1,0.13,0.04,16.144,0.1,0.857967717,0.050794318
753,KOI-3128,6142,60,4.001,0.1,-0.05,0.04,13.371,0.1,0.855197727,0.015974064
754,KOI-5216,5595.8,60,4.515,0.1,-0.016,0.04,15.495,0.1,0.852839641,0.027528569
755,Kepler-1616,6153.3,60,4.112,0.1,-0.12,0.04,13.499,0.1,0.850016923,0.013438375
756,KOI-4575,6280.9,60,4.068,0.1,0.026,0.04,13.174,0.1,0.849796278,0.014364183
757,Kepler-485,5801.7,60,4.367,0.1,0.194,0.04,14.952,0.1,0.847839833,0.020057443
758,Kepler-187,5996.5,60,4.148,0.1,-0.041,0.04,14.173,0.1,0.846839952,0.024595256
759,KOI-703,6386,60,4.113,0.1,0.256,0.04,13.361,0.1,0.845238679,0.013699377
760,Kepler-1004,5007.4,60,3.486,0.1,0.186,0.04,13.427,0.1,0.83938184,0.026622985
761,KOI-4257,5475.5,60,3.799,0.1,0.017,0.04,13.34,0.1,0.839366935,0.015265229
762,KOI-4443,6353.5,60,4.194,0.1,-0.075,0.04,13.802,0.1,0.83753804,0.016952568
763,KOI-465,5966.8,60,4.1,0.1,-0.009,0.04,14.188,0.1,0.835987921,0.020239887
764,KOI-2769,5786.9,60,3.956,0.1,-0.024,0.04,13.66,0.1,0.835060992,0.013353139
765,KOI-134,6235.5,60,4.141,0.1,0.284,0.04,13.675,0.1,0.833862006,0.012348252
766,Kepler-315,5682.8,60,4.417,0.1,-0.271,0.04,15.321,0.1,0.833682172,0.026064027
767,Kepler-645,6191.5,60,4.283,0.1,-0.055,0.04,13.992,0.1,0.823310937,0.015300558
768,KOI-5702,5819.2,60,4.613,0.1,0.035,0.04,15.462,0.1,0.818793581,0.023593505
769,KOI-3541,6229.5,60,4.164,0.1,-0.213,0.04,13.769,0.1,0.818390551,0.012349332
770,Kepler-1129,5707.1,60,4.526,0.1,0.111,0.04,15.28,0.1,0.816732119,0.02972072
771,KOI-4811,5571.5,60,3.896,0.1,0.051,0.04,13.816,0.1,0.816676048,0.018456968
772,Kepler-216,6118.7,60,4.189,0.1,-0.072,0.04,13.998,0.1,0.813376222,0.015070778
773,KOI-141,5320.6,60,4.419,0.1,0.314,0.04,13.687,0.1,0.810517878,0.034239606
774,KOI-4567,6368.6,60,4.235,0.1,-0.111,0.04,13.775,0.1,0.809558188,0.020427801
775,KOI-4426,6168.9,60,4.078,0.1,0.074,0.04,13.665,0.1,0.806400898,0.015537142
776,Kepler-1397,6123,60,4.162,0.1,-0.333,0.04,14.089,0.1,0.805976073,0.016797205
777,KOI-4647,5166,60,3.814,0.1,0.227,0.04,13.726,0.1,0.805699228,0.013325372
778,KOI-4773,6191.2,60,4.044,0.1,-0.22,0.04,13.556,0.1,0.804303326,0.01537841
779,Kepler-66,5785.5,60,4.575,0.1,0.062,0.04,15.2,0.1,0.802988258,0.025558254
780,Kepler-214,6052,60,4.125,0.1,-0.022,0.04,13.949,0.1,0.798679191,0.015537875
781,Kepler-33,5946.9,60,4.053,0.1,0.142,0.04,13.988,0.1,0.798185367,0.015064154
782,KOI-4435,6254.3,60,4.174,0.1,0.123,0.04,13.517,0.1,0.79733774,0.011566891
783,KOI-3980,5764.5,60,4.295,0.1,0.165,0.04,14.67,0.1,0.797012725,0.026540204
784,Kepler-1597,6205.1,60,4.239,0.1,-0.126,0.04,14.144,0.1,0.790156789,0.015754733
785,Kepler-618,5741.5,60,4.277,0.1,-0.042,0.04,14.827,0.1,0.789643804,0.021350174
786,Kepler-286,5559.2,60,4.462,0.1,-0.253,0.04,15.587,0.1,0.789465508,0.069508931
787,KOI-1421,5623.2,60,4.335,0.1,0.035,0.04,15.305,0.1,0.787535006,0.032543856
788,Kepler-1618,6429.6,60,4.189,0.1,-0.063,0.04,13.606,0.1,0.78491642,0.018137973
789,Kepler-108,5680.9,60,3.861,0.1,0.374,0.04,12.654,0.1,0.775371442,0.087697678
790,KOI-4136,5715.1,60,3.946,0.1,0.15,0.04,13.955,0.1,0.768883195,0.01843548
791,Kepler-815,5074,60,3.562,0.1,0.125,0.04,13.242,0.1,0.765236029,0.014841415
792,KOI-4605,6095.6,60,3.869,0.1,0.041,0.04,13.515,0.1,0.764904265,0.013797642
793,KOI-5546,6239.8,60,4.497,0.1,-0.033,0.04,14.848,0.1,0.763778456,0.02741588
794,Kepler-460,6054.1,60,4.063,0.1,-0.035,0.04,13.771,0.1,0.756155049,0.017070517
795,Kepler-335,5999.7,60,4.044,0.1,0.341,0.04,13.996,0.1,0.753306092,0.0174672
796,Kepler-265,5870.6,60,4.386,0.1,-0.114,0.04,15.381,0.1,0.752895501,0.027986406
797,Kepler-1607,5987.4,60,3.955,0.1,0.04,0.04,13.897,0.1,0.749419911,0.023292943
798,KOI-4245,6052.9,60,3.983,0.1,0.203,0.04,13.572,0.1,0.741798245,0.018369427
799,KOI-4763,5694.6,60,3.976,0.1,0.166,0.04,14.046,0.1,0.741663101,0.016940929
800,Kepler-784,5639.5,60,3.801,0.1,0.097,0.04,13.29,0.1,0.738216632,0.012140233
801,KOI-5423,5721.5,60,4.14,0.1,0.346,0.04,15.2,0.1,0.735233324,0.024142433
802,Kepler-929,5987.9,60,4.074,0.1,0.179,0.04,14.542,0.1,0.734355166,0.019904058
803,KOI-1230,5119.4,60,3.353,0.1,0.013,0.04,12.263,0.1,0.732619118,0.025282106
804,KOI-760,5742.3,60,4.364,0.1,0.098,0.04,15.263,0.1,0.732140844,0.024023724
805,Kepler-644,6540.2,60,4.259,0.1,-0.054,0.04,13.949,0.1,0.730368148,0.021112329
806,KOI-7599,5792.2,60,4.589,0.1,0.242,0.04,15.51,0.1,0.726364757,0.027870465
807,KOI-5837,5735.1,60,4.323,0.1,0.116,0.04,15.261,0.1,0.721925475,0.031280127
808,Kepler-1103,6084.7,60,4.093,0.1,0.073,0.04,14.09,0.1,0.721879611,0.013430929
809,Kepler-1345,6332.8,60,4.095,0.1,-0.16,0.04,13.791,0.1,0.709146212,0.013074394
810,KOI-2765,6230.1,60,4.058,0.1,0.095,0.04,13.883,0.1,0.70894901,0.013452667
811,Kepler-294,5513.2,60,4.538,0.1,0.109,0.04,15.843,0.1,0.708405856,0.031028626
812,KOI-3913,5958.3,60,4.26,0.1,0.196,0.04,14.972,0.1,0.700348986,0.021586215
813,Kepler-1002,6119.7,60,4.19,0.1,0.12,0.04,11.704,0.1,0.697864042,0.492794278
814,Kepler-848,5722,60,3.942,0.1,0.19,0.04,14.056,0.1,0.696615657,0.015283065
815,KOI-4123,6229.7,60,3.945,0.1,0.113,0.04,13.519,0.1,0.692784195,0.019867015
816,Kepler-254,5503.2,60,4.52,0.1,-0.131,0.04,15.843,0.1,0.691346076,0.036279414
817,KOI-5924,4976.5,60,4.012,0.1,-0.023,0.04,15.789,0.1,0.68720336,0.213046605
818,Kepler-302,5702.9,60,4.284,0.1,0.158,0.04,15.505,0.1,0.685098737,0.028705417
819,Kepler-780,5753.6,60,4.319,0.1,0.103,0.04,13.326,0.1,0.681192001,0.327984786
820,Kepler-435,6237.7,60,4.046,0.1,0.051,0.04,13.643,0.1,0.676165458,0.017433579
821,Kepler-385,5837.4,60,4.177,0.1,0.006,0.04,15.212,0.1,0.669369174,0.022323177
822,Kepler-117,6085,60,4.143,0.1,0.028,0.04,14.274,0.1,0.658131031,0.017981
823,KOI-4715,6150.1,60,4.012,0.1,-0.092,0.04,13.98,0.1,0.652015034,0.021741462
824,Kepler-1068,5684.1,60,4.504,0.1,0.185,0.04,15.818,0.1,0.650754889,0.032418285
825,Kepler-1280,6136.6,60,4.087,0.1,-0.113,0.04,14.074,0.1,0.643883387,0.015591167
826,Kepler-807,6026.2,60,4.27,0.1,0.062,0.04,15.128,0.1,0.640982519,0.023634188
827,Kepler-953,5460.4,60,4.005,0.1,0.028,0.04,12.16,0.1,0.639329468,0.036233873
828,Kepler-758,6359.5,60,4.421,0.1,-0.213,0.04,14.348,0.1,0.637163168,0.019217061
829,KOI-3244,4969.4,60,3.126,0.1,-0.029,0.04,12.391,0.1,0.63542993,0.021366082
830,KOI-1639,6202.8,60,3.896,0.1,0.111,0.04,13.538,0.1,0.635159913,0.014012571
831,KOI-2093,5957.7,60,4.364,0.1,0.02,0.04,15.357,0.1,0.632598965,0.027230267
832,KOI-7605,5900.4,60,4.517,0.1,-0.1,0.04,14.839,0.1,0.626516832,0.129877442
833,Kepler-1428,6285.2,60,4.017,0.1,0.115,0.04,13.688,0.1,0.624761287,0.016174401
834,Kepler-603,5854.5,60,4.012,0.1,0.34,0.04,14.854,0.1,0.622890503,0.039743903
835,KOI-466,5956.5,60,4.193,0.1,0.034,0.04,14.663,0.1,0.620817524,0.023438418
836,Kepler-397,5315.8,60,4.591,0.1,-0.06,0.04,15.996,0.1,0.611399998,0.112799296
837,KOI-3801,5601.3,60,4.114,0.1,0.316,0.04,15.999,0.1,0.600620598,0.032157046
838,Kepler-458,6217.5,60,4.066,0.1,0.248,0.04,13.955,0.1,0.598485673,0.017292419
839,KOI-1739,5794.2,60,4.199,0.1,0.084,0.04,15.129,0.1,0.595186515,0.02843113
840,Kepler-852,6236.1,60,4.114,0.1,0.11,0.04,13.949,0.1,0.589091658,0.019150617
841,Kepler-1563,5650.9,60,4.054,0.1,0.304,0.04,13.583,0.1,0.589017036,0.288426165
842,KOI-5626,5949.4,60,4.207,0.1,-0.018,0.04,15.312,0.1,0.585438679,0.025882901
843,Kepler-31,6088.2,60,4.149,0.1,-0.094,0.04,15.237,0.1,0.572219296,0.023029129
844,Kepler-295,5253.2,60,3.787,0.1,-0.027,0.04,14.447,0.1,0.559493415,0.024225838
845,KOI-1168,6140.5,60,4.118,0.1,0.063,0.04,13.997,0.1,0.552521233,0.015402993
846,KOI-1963,5875.5,60,4.214,0.1,0.091,0.04,14.107,0.1,0.552428467,0.07669752
847,Kepler-529,5965.6,60,4.451,0.1,-0.169,0.04,13.763,0.1,0.55157832,0.311068913
848,KOI-211,5830,60,4.061,0.1,-0.048,0.04,14.989,0.1,0.547453368,0.020034369
849,KOI-3890,4772.6,60,3.107,0.1,-0.118,0.04,13.226,0.1,0.534834035,0.013968704
850,Kepler-291,5637.2,60,4.226,0.1,0.233,0.04,15.934,0.1,0.530680343,0.033362145
851,Kepler-223,5696.7,60,3.842,0.1,0.105,0.04,15.344,0.1,0.510075975,0.031276836
852,KOI-5241,6111.5,60,4.17,0.1,-0.264,0.04,15.233,0.1,0.485955286,0.029713964
853,KOI-5567,5580.5,60,4.116,0.1,0.165,0.04,14.857,0.1,0.474127261,0.023991913
854,KOI-1356,5719,60,3.942,0.1,0.219,0.04,15.206,0.1,0.46377391,0.022276215
855,KOI-145,4922.8,60,3.262,0.1,0.047,0.04,13.608,0.1,0.463384059,0.014854713
856,KOI-5278,5023.7,60,3.471,0.1,0.222,0.04,15.87,0.1,0.456978674,0.139455607
857,Kepler-650,5848.3,60,4.146,0.1,0.14,0.04,13.684,0.1,0.451472662,0.325998116
858,Kepler-336,5888.1,60,4.398,0.1,0.218,0.04,13.598,0.1,0.428901535,0.38035567
859,KOI-2640,4895.5,60,3.025,0.1,-0.134,0.04,13.226,0.1,0.418800603,0.015264206
860,Kepler-269,5619.4,60,4.065,0.1,0.399,0.04,15.808,0.1,0.413423555,0.03392374
861,KOI-2884,5729.1,60,3.909,0.1,-0.004,0.04,14.103,0.1,0.391895871,0.031420547
862,KOI-2639,5582.6,60,3.888,0.1,-0.024,0.04,15.527,0.1,0.366411676,0.026569477
863,KOI-4343,5897.4,60,4.017,0.1,-0.378,0.04,13.694,0.1,0.279642916,0.285761626
864,KOI-771,5651.8,60,4.328,0.1,0.174,0.04,15.207,0.1,0.147208882,0.038911859
865,KOI-2474,5320.3,60,4.637,0.1,-0.257,0.04,14.182,0.1,-0.392405903,0.604751814
866,KOI-4273,6151.7,60,4.13,0.1,0.103,0.04,12.677,0.1,-1.305858448,0.501826304
867,KOI-113,5591.4,60,4.1,0.1,0.401,0.04,12.394,0.1,-1.616509602,0.629860023
868,KOI-3474,5870.8,60,4.194,0.1,-0.172,0.04,14.192,0.1,-3.019171772,0.53064079
869,Kepler-476,5863.1,60,4.273,0.1,0.216,0.04,13.837,0.1,-7.45496602,1.549089832
870,UCAC3 281-150921,4600,607,3.74,0.86,-1.04,,12.42,0.1,54.52269537,0.057905664
871,G 205-48,3495,98,0.88,0.35,-0.08,,13.056,0.1,37.48373792,0.117706788
872,UPM J1928+4801,3921,133,1.76,0.49,-0.21,,11.946,0.1,35.33210821,0.401257945
873,Kepler-1651,3681,177,2.88,1.51,-0.16,,13.496,0.1,15.02963666,0.023860968
874,KIC 11714250,3463,84,0.82,0.36,-0.06,,13.646,0.1,14.16274392,0.031150806
875,2MASS J19211336+4151184,3889,142,1.71,0.31,-0.19,,13.857,0.1,14.13365227,0.028486804
876,LAMOST J192817.82+410412.2,3475,150,0.82,0.41,-0.1,,14.067,0.1,14.11702142,0.036826124
877,KIC 10961247,3857,68,1.6,0.15,-0.11,,12.676,0.1,10.30766848,0.18231406
878,KIC 7708789,4796,379,4.41,0.42,-0.25,,12.901,0.1,8.863124458,0.20876975
879,KIC 9588430,3610,126,1.19,0.28,-0.08,,13.86,0.1,7.87211705,0.054992097
880,KIC 8609873,5121,323,4.45,0.2,-0.35,,13.578,0.1,7.527465923,0.013486
881,KIC 4381741,3901,176,3.97,1.08,-0.23,,13.818,0.1,7.008966334,0.019742215
882,KIC 6432245,5026,222,4.32,0.38,-0.29,,13.828,0.1,6.248620984,0.016286119
883,KIC 8582406,4533,267,4.06,0.73,-0.11,,13.339,0.1,5.998561919,0.013830044
884,2MASS J19315821+4220346,4180,226,4.61,0.12,-0.18,,13.398,0.1,5.711113429,0.014499016
885,2MASS J19151823+4452491,4764,114,3.64,0.63,-0.06,,13.449,0.1,5.40614356,0.017588393
886,KIC 9631366,3890,83,4.43,0.75,-0.19,,13.972,0.1,5.295254923,0.032651695
887,KOI-5293,6057,138,4.18,0.11,-0.56,,10.154,0.1,5.110040837,0.033213165
888,KIC 5960966,4238,274,4.55,0.24,-0.19,,13.79,0.1,5.00128013,0.66502623
889,2MASS J19243078+4748082,3552,97,1.31,0.51,-0.22,,13.38,0.1,4.803800913,0.252521972
890,TYC 3554-514-1,5825,77,4.25,0.12,0.12,,10.245,0.1,4.754681771,0.024669439
891,HD 174177,8831,,3.274,,,,6.575,0.1,4.4383,0.0326
892,USNO-A2.0 1275-13153132,4779,235,4.46,0.3,-0.04,,13.819,0.1,4.354959145,0.5409441
893,Kepler-210,4933,206,3.96,0.65,-0.23,,13.822,0.1,4.267553097,0.015156281
894,HD 183204,10241,170,3.86,0.1,-0.27,,7.508,0.1,4.2282,0.052
895,2MASS J19233258+4458282,4878,219,4.49,0.27,0.02,,13.918,0.1,4.217636318,0.022382784
896,KOI-5617,4748,155,3.96,0.59,0.07,,13.511,0.1,4.064743455,0.014198153
897,BD+42 3451,6228,215,4.1,0.15,-0.28,,9.603,0.1,3.678023248,0.03245383
898,2MASS J18544660+4332242,5083,204,4.41,0.34,-0.03,,13.816,0.1,3.647272788,0.016426342
899,KIC 9331032,5681,132,4.27,0.24,0.11,,12.221,0.1,3.625946001,0.019393698
900,HD 182691,,,3.606,,,,6.602,0.1,3.5898,0.0376
901,ROTSE1 J184556.86+471914.4,5075,144,3.81,0.48,0.03,,12.511,0.1,3.581872344,0.019277751
902,KIC 6035145,4030,101,4.66,0.2,-0.2,,14.886,0.1,3.440295345,0.024312537
903,KIC 1866535,3890,109,1.79,0.69,-0.15,,15.268,0.1,3.433016786,0.024071696
904,KIC 8098181,5076,186,4.56,0.23,0.07,,12.858,0.1,3.280197199,0.145720194
905,TYC 3557-434-1,6398,108,4.11,0.12,-0.09,,11.028,0.1,3.17725004,0.024233624
906,KIC 5869314,4045,145,4.64,0.2,-0.23,,14.634,0.1,3.105597945,0.021638937
907,KIC 11819949,5684,154,4.35,0.18,-0.24,,12.279,0.1,3.059451731,0.021133509
908,KIC 11152057,4993,203,3.37,0.45,-0.02,,13.283,0.1,2.986608956,0.020137322
909,KIC 6390424,5704,118,4.31,0.15,-0.02,,13.259,0.1,2.967231099,0.012723609
910,2MASS J19284396+4112456,5621,173,4.25,0.24,0.04,,12.976,0.1,2.958094004,0.020818078
911,KIC 11455045,5063,219,4.35,0.4,-0.05,,13.868,0.1,2.955672337,0.014909663
912,KIC 5879967,4181,256,4.46,0.49,-0.14,,14.881,0.1,2.865251067,0.023552858
913,KIC 11128748,5226,130,4.58,0.13,0.05,,14.323,0.1,2.802564121,0.092336138
914,KIC 8113625,5447,223,4.23,0.29,0.05,,13.636,0.1,2.793182454,0.018137642
915,KIC 10965642,5167,108,4.61,0.13,0.07,,13.767,0.1,2.777560453,0.015558526
916,TYC 3557-428-1,6248,208,4.11,0.13,-0.21,,11.043,0.1,2.772001224,0.022021766
917,KIC 9595449,4971,243,3.25,0.48,-0.14,,13.783,0.1,2.766013532,0.013531071
918,TYC 3144-787-1,6941,111,4.09,0.1,-0.14,,10.856,0.1,2.727003086,0.030106117
919,KIC 11869338,5176,188,4.34,0.35,0.05,,13.527,0.1,2.659119434,0.017064803
920,KIC 6865518,6173,258,4.13,0.12,-0.3,,13.499,0.1,2.446782821,0.345480793
921,KIC 5888474,4770,170,2.8,0.48,-0.01,,13.677,0.1,2.413530989,0.017664349
922,KIC 5177193,4051,131,4.65,0.22,-0.22,,15.984,0.1,2.403563759,0.038187403
923,KIC 6368988,5022,224,3.77,0.56,-0.02,,13.881,0.1,2.393307054,0.019965507
924,KIC 10865206,4991,206,4.47,0.3,-0.08,,13.951,0.1,2.368948883,0.016065795
925,KIC 9269239,5513,182,4.31,0.24,-0.35,,13.891,0.1,2.363271889,0.018089941
926,HD 182192,10295,782,3.91,0.12,-0.18,,9.139,0.1,2.3596,0.0353
927,TYC 3565-674-1,11956,1854,4,0.15,0.05,,10.915,0.1,2.333355587,0.026737279
928,KIC 9578842,5588,167,4.24,0.31,-0.05,,13.437,0.1,2.318606846,0.011374391
929,TYC 3146-1441-1,6275,172,4.13,0.11,-0.05,,10.531,0.1,2.316351264,0.030479623
930,KIC 9663202,5294,171,4.35,0.27,0.1,,14.026,0.1,2.30919434,0.0163685
931,BD+45 2977,6379,98,4.13,0.12,-0.23,,9.563,0.1,2.245627377,0.024921725
932,[DCO2008] T-Lyr1-02438,6203,102,4.22,0.11,-0.25,,12.144,0.1,2.239208732,0.020221528
933,KIC 9140459,5675,123,4.26,0.22,-0.11,,13.512,0.1,2.222844906,0.013734732
934,BD+40 3639,9267,169,3.87,0.11,-0.26,,9.458,0.1,2.185393493,0.033817532
935,[DCO2008] T-Lyr1-03925,5947,135,4.17,0.18,-0.16,,12.253,0.1,2.180596118,0.021424917
936,KIC 6368104,4885,134,3.11,0.45,-0.02,,13.921,0.1,2.164474856,0.015442437
937,KIC 6611650,5151,149,4.6,0.13,0.04,,13.733,0.1,2.137497278,0.019065
938,KIC 8359398,5386,216,4.32,0.29,-0.31,,14.081,0.1,2.131829686,0.018337371
939,BD+46 2791,9373,990,3.92,0.12,-0.07,,10.063,0.1,2.103356402,0.024263431
940,KIC 10487620,5470,169,4.31,0.27,0.03,,13.998,0.1,2.05249722,0.133298127
941,KIC 9905724,5432,185,4.33,0.25,-0.46,,14.679,0.1,2.043428459,0.022634076
942,KIC 10802309,5761,121,4.23,0.23,0.06,,12.804,0.1,2.040120152,0.022917412
943,KIC 6285848,5732,201,4.2,0.18,-0.36,,13.502,0.1,2.007894725,0.014664112
944,TYC 3556-3291-1,7299,51,3.89,0.12,0.07,,10.129,0.1,2.003277309,0.054835943
945,KIC 9216773,5199,176,4.3,0.36,-0.21,,15.006,0.1,1.986405416,0.040901691
946,KIC 11073910,5686,126,4.43,0.17,0.06,,11.701,0.1,1.971010255,0.347641307
947,2MASS J18521482+4103252,5295,210,4.13,0.41,-0.01,,14.154,0.1,1.954336168,0.015353783
948,KIC 6867704,5748,162,4.25,0.2,0.1,,12.4,0.1,1.923497374,0.029602954
949,KIC 9141060,5362,225,4.39,0.28,-0.56,,13.798,0.1,1.917816545,0.016258346
950,HD 181491,9782,529,3.87,0.12,-0.29,,9.601,0.1,1.859360087,0.041050345
951,HD 225948,7491,175,3.89,0.12,0.04,,11.01,0.1,1.857737744,0.060860892
952,KIC 7299808,6081,152,4.15,0.15,-0.03,,13.479,0.1,1.855439852,0.014961194
953,TYC 3146-802-1,8189,636,3.94,0.14,-0.13,,10.581,0.1,1.852404576,0.035186563
954,KIC 10936272,4692,173,3.06,0.39,-0.11,,14.617,0.1,1.83951316,0.071653699
955,KIC 5470396,5754,162,4.15,0.39,-0.05,,13.677,0.1,1.762927021,0.021277434
956,KIC 7867091,5384,202,3.99,0.42,-0.3,,14.169,0.1,1.754491067,0.015756395
957,KIC 9723418,5344,175,4.28,0.34,-0.01,,13.932,0.1,1.750359851,0.016064442
958,KIC 6366391,5215,198,4.1,0.45,0.02,,14.238,0.1,1.707659975,0.017120638
959,KOI-4374,5371.8,60,4.439,0.1,-0.05,,14.108,0.1,1.698905814,0.018629632
960,KIC 7826323,5644,126,4.3,0.2,-0.18,,14.422,0.1,1.687602495,0.01538391
961,2MASS J19282996+4901246,4996,168,3.48,0.43,0.02,,13.862,0.1,1.670194409,0.014856729
962,KIC 9666621,6057,138,4.13,0.18,0.02,,12.993,0.1,1.670187219,0.100644612
963,TYC 3142-1474-1,7056,88,4,0.16,0.06,,11.38,0.1,1.651113202,0.027843961
964,ASAS J185911+4815.8,5788,228,4.03,0.39,-0.35,,13.965,0.1,1.633873644,0.101141737
965,TYC 3560-3023-1,7283,204,3.92,0.14,-0.03,,11.599,0.1,1.604485256,0.02012283
966,KIC 6700200,5755,96,4.21,0.13,-0.45,,13.756,0.1,1.560489934,0.014854047
967,KIC 6364164,4861,276,3.4,0.8,-0.03,,14.729,0.1,1.527366085,0.021092576
968,TYC 3541-331-1,5955,97,4.23,0.13,-0.17,,12.176,0.1,1.516871377,0.070099754
969,KIC 6221371,5903,122,4.22,0.19,-0.27,,13.376,0.1,1.508449117,0.087513279
970,KIC 8803979,6064,177,4.15,0.12,-0.24,,13.148,0.1,1.466664542,0.013321183
971,KIC 6365649,3503,93,0.98,0.21,-0.06,,12.719,0.1,1.461919609,0.027160924
972,KIC 10360294,6899,247,4.06,0.13,-0.07,,12.746,0.1,1.432273735,0.077956421
973,KIC 8245192,5801,79,4.24,0.16,0.07,,12.987,0.1,1.431235308,0.016272958
974,BD+39 3926,10688,436,3.92,0.12,-0.12,,9.286,0.1,1.4059,0.0349
975,KIC 8802684,5442,234,4.23,0.29,-0.13,,13.678,0.1,1.384228922,0.399823344
976,TYC 3148-1801-1,7413,139,3.94,0.14,-0.05,,11.923,0.1,1.356641581,0.023218003
977,KIC 5808439,6245,187,4.18,0.11,-0.32,,13.12,0.1,1.344698547,0.025557347
978,HD 188910,9915,728,3.89,0.12,-0.13,,9.797,0.1,1.31714771,0.034954383
979,KIC 9238276,6476,182,4.11,0.13,-0.13,,13.64,0.1,1.306736302,0.017566569
980,KIC 9575694,5781,109,4.25,0.17,-0.45,,14.069,0.1,1.305307937,0.061147422
981,TYC 3148-1402-1,6626,120,4.12,0.11,-0.14,,10.736,0.1,1.273213497,0.022553325
982,KIC 6293204,5968,142,4.15,0.19,-0.38,,13.137,0.1,1.254087808,0.013813658
983,KIC 9913134,4755,213,4.47,0.36,-0.14,,12.252,0.1,1.252376886,0.426355328
984,KOI-7395,9087,559,3.86,0.12,-0.16,,11.696,0.1,1.246951905,0.02153124
985,KIC 5966824,5995,168,4.19,0.14,-0.12,,13.994,0.1,1.172906331,0.019073114
986,KIC 5808421,5472,250,4.15,0.36,-0.07,,15.036,0.1,1.153932657,0.02415431
987,KIC 8552365,5652,112,4.15,0.18,-0.06,,13.71,0.1,1.151965347,0.020822688
988,KIC 9906689,5763,95,4.24,0.14,-0.18,,14.54,0.1,1.151479276,0.019227838
989,KIC 10026977,5743,92,4.25,0.14,0.05,,14.678,0.1,1.143458616,0.018142189
990,Kepler-564,5781,160,4.26,0.18,0.1,,14.749,0.1,1.13016068,0.019735092
991,SPOCS 2447,5573,260,4.17,0.33,-0.15,,13.877,0.1,1.117663123,0.016164343
992,KIC 8974429,6321,108,4.08,0.13,-0.1,,13.985,0.1,1.103612466,0.019977368
993,KIC 6293275,5653,292,4.24,0.28,0.08,,14.661,0.1,1.098162192,0.020018997
994,KIC 11145063,6037,149,4.06,0.14,0.08,,13.722,0.1,1.084487404,0.012991572
995,KIC 8838620,7249,179,3.96,0.14,0.04,,12.783,0.1,1.078802792,0.021512974
996,KIC 6365943,5940,106,4.19,0.14,-0.13,,13.684,0.1,1.070473836,0.016656666
997,KIC 9173541,6267,110,4.12,0.13,-0.05,,13.374,0.1,1.063466607,0.045028272
998,KIC 4375925,6177,193,4.17,0.11,-0.23,,12.859,0.1,1.049917205,0.037390803
999,KIC 6131060,6299,143,4.07,0.14,-0.09,,13.446,0.1,1.049159818,0.014800995
1000,2MASS J19522123+4508258,6330,142,4.18,0.12,-0.38,,13.322,0.1,1.04705744,0.030972337
1001,KIC 11240278,5962,85,4.21,0.14,-0.02,,13.271,0.1,1.044196327,0.018004938
1002,KIC 12167275,6146,142,4.12,0.11,-0.34,,13.698,0.1,1.020710869,0.015975389
1003,KIC 6619469,6162,195,4.08,0.14,-0.1,,13.5,0.1,1.014285919,0.014819733
1004,KOI-3198,7508,193,3.91,0.12,-0.05,,11.575,0.1,1.005241251,0.03234265
1005,KIC 6523259,6455,94,4.12,0.11,-0.25,,12.833,0.1,0.979499546,0.0293724
1006,KIC 11517934,5876,121,4.1,0.14,-0.18,,13.379,0.1,0.978864736,0.033392277
1007,TYC 3149-1782-1,7649,326,3.93,0.12,-0.03,,11.442,0.1,0.97319883,0.035395551
1008,TYC 3142-25-1,9853,323,3.84,0.11,-0.24,,10.644,0.1,0.952474437,0.032313853
1009,HD 234824,10771,422,4.01,0.12,-0.06,,9.379,0.1,0.937889258,0.042830867
1010,KIC 5767489,5869,116,4.22,0.14,-0.33,,13.155,0.1,0.937196597,0.013521633
1011,TYC 3565-525-1,10061,596,3.87,0.12,-0.2,,10.894,0.1,0.933328269,0.028857472
1012,KIC 10080943,6897,239,4.05,0.13,-0.09,,11.811,0.1,0.924637471,0.024242455
1013,KIC 6204529,5867,60,4.15,0.12,0.05,,14.069,0.1,0.92036828,0.019996876
1014,KIC 5966043,5741,112,4.21,0.17,-0.27,,15.126,0.1,0.904183938,0.025599826
1015,KIC 10936621,6473,97,4.11,0.12,-0.01,,13.85,0.1,0.898909417,0.01633297
1016,KIC 5723318,6138,176,4.16,0.13,-0.23,,13.957,0.1,0.881478633,0.016182541
1017,TYC 3554-447-1,7026,81,4.04,0.13,-0.08,,12.471,0.1,0.869104368,0.019147654
1018,KIC 8908544,7139,150,3.98,0.14,0.04,,13.223,0.1,0.867933006,0.016822711
1019,KIC 6447258,6465,110,4.12,0.12,-0.2,,12.865,0.1,0.866001954,0.023671072
1020,KIC 6525026,6202,156,4.07,0.14,-0.15,,13.409,0.1,0.85105092,0.014261512
1021,KIC 9653110,5800,101,4.11,0.17,0.02,,12.857,0.1,0.849588731,0.02438231
1022,TYC 3144-2192-1,10614,403,3.99,0.14,-0.11,,10.469,0.1,0.846839901,0.039082006
1023,KIC 7134626,6453,110,4.11,0.12,-0.04,,13.063,0.1,0.843301433,0.198303655
1024,KIC 7363238,6157,81,4.18,0.12,-0.33,,12.992,0.1,0.838188648,0.016861915
1025,KIC 9111033,6076,125,4.12,0.14,-0.2,,14.468,0.1,0.829383414,0.021667738
1026,KIC 10489286,8637,557,3.92,0.13,-0.13,,11.836,0.1,0.827414176,0.02381808
1027,KIC 6549623,6492,140,4.13,0.11,-0.24,,13.091,0.1,0.817883415,0.021127438
1028,TYC 3544-2446-1,9329,249,3.84,0.11,-0.17,,11.393,0.1,0.80398193,0.027588321
1029,TYC 3146-191-1,6784,184,4.12,0.11,-0.15,,12.08,0.1,0.797751192,0.021780052
1030,KOI-3818,9841,889,3.85,0.12,-0.23,,11.721,0.1,0.78577289,0.03295179
1031,TYC 3543-2942-1,8551,228,3.96,0.13,-0.24,,12.119,0.1,0.777819227,0.023398531
1032,KIC 9392349,5777,113,4.16,0.17,-0.07,,13.675,0.1,0.772209543,0.014379271
1033,TYC 3144-1309-1,9835,431,3.83,0.12,-0.17,,12.244,0.1,0.763906544,0.030843862
1034,KIC 11455028,5959,88,4.15,0.14,0.03,,13.739,0.1,0.749388999,0.013536903
1035,KIC 8126371,6973,156,4,0.15,0.04,,13.009,0.1,0.734777254,0.020576237
1036,KIC 5977646,7135,131,3.82,0.13,0.01,,13.563,0.1,0.724751638,0.016634331
1037,KOI-7263,10491,305,3.9,0.11,-0.19,,11.727,0.1,0.718844806,0.042938845
1038,2MASS J19552478+4704580,7595,191,3.88,0.13,-0.05,,13.348,0.1,0.712750684,0.015699403
1039,KIC 8364412,7044,194,3.99,0.15,-0.01,,13.34,0.1,0.711919915,0.014711599
1040,SPOCS 2457,6373,166,4.1,0.13,0.02,,13.687,0.1,0.710154904,0.0155877
1041,NGC 6866 10,7439,190,3.93,0.12,-0.03,,12.124,0.1,0.703537483,0.023799853
1042,KIC 7200731,6076,153,4.2,0.12,-0.52,,13.518,0.1,0.691617627,0.111851668
1043,KIC 9787117,6138,107,4.12,0.12,-0.15,,14.518,0.1,0.683946729,0.022835595
1044,KIC 10427093,7101,180,4,0.14,0.02,,13.202,0.1,0.67725135,0.011636039
1045,KIC 5714912,5325,217,4.17,0.3,-0.08,,15.536,0.1,0.670210864,0.12802822
1046,KIC 5792658,6442,101,4.14,0.12,-0.24,,13.1,0.1,0.656199279,0.042539291
1047,Kepler-1158,6183.9,60,4.033,0.1,-0.12,,13.628,0.1,0.645076474,0.016632847
1048,KIC 8125652,6361,203,4.15,0.12,-0.35,,13.751,0.1,0.643316028,0.020748128
1049,KIC 9606336,6535,208,4.13,0.12,-0.19,,13.453,0.1,0.636554466,0.015682911
1050,KIC 10545098,5721,104,4.23,0.14,-0.2,,13.954,0.1,0.62186921,0.141227759
1051,KIC 10004660,8874,433,3.81,0.14,-0.21,,12.149,0.1,0.610655304,0.024801933
1052,KIC 8255015,5956,158,4.19,0.15,-0.13,,14.92,0.1,0.608173442,0.024280927
1053,KIC 9174536,6440,143,4.15,0.11,-0.21,,13.679,0.1,0.58949896,0.015247429
1054,KIC 8052695,5805,141,4.07,0.15,-0.08,,13.9,0.1,0.579879279,0.014984852
1055,KIC 9840159,5793,113,4.09,0.16,-0.17,,13.588,0.1,0.558800044,0.01459228
1056,KIC 9299986,6494,178,4.14,0.12,-0.26,,13.894,0.1,0.553673014,0.017092298
1057,KIC 7373727,5801,88,4.23,0.14,-0.05,,15.099,0.1,0.546899573,0.025600505
1058,KIC 11825198,9009,647,3.87,0.15,-0.13,,13.767,0.1,0.544958348,0.016690656
1059,TYC 3131-1204-1,10251,369,3.89,0.12,-0.23,,12.373,0.1,0.517867191,0.027148417
1060,KIC 5702872,5693,125,4.27,0.2,-0.02,,13.783,0.1,0.513270013,0.070339775
1061,KIC 7979499,6426,154,4.11,0.13,-0.07,,13.523,0.1,0.495563892,0.015810168
1062,2MASS J19341016+3846566,6518,266,4.1,0.11,-0.17,,13.478,0.1,0.483110257,0.290649703
1063,KIC 10685417,5657,93,4.26,0.16,-0.36,,15.295,0.1,0.457837593,0.109500267
1064,KIC 5773914,5854,100,4.23,0.13,-0.34,,15.146,0.1,0.454723524,0.022413731
1065,KIC 9206046,7469,162,3.92,0.13,-0.02,,13.853,0.1,0.436970761,0.015700204
1066,KIC 6445601,6819,189,4.05,0.13,-0.16,,13.595,0.1,0.416347546,0.014456594
1067,KIC 6064237,12182,455,4.04,0.13,0.15,,13.33,0.1,0.379664421,0.018912141
1068,TYC 3561-1295-1,19248,1089,3.77,0.12,-0.02,,10.806,0.1,0.261855878,0.040701069
1069,KIC 6287877,4614,220,2.49,0.28,-0.09,,14.835,0.1,0.259639099,0.118043197
1070,TYC 3565-98-1,19005,871,3.75,0.12,-0.03,,10.738,0.1,0.257700371,0.038993036
1071,KIC 6720541,6285,108,4.1,0.12,-0.12,,13.947,0.1,0.227738142,0.39658994
1072,KIC 10117599,3993,127,1.72,0.3,-0.14,,10.641,0.1,0.22244027,0.022860954
1073,KIC 5868105,5822,77,4.11,0.13,-0.14,,14.716,0.1,0.192687359,0.08031834
1074,TYC 3120-376-1,20406,1746,3.49,0.19,-0.03,,11.061,0.1,0.165085189,0.049791494
1075,KIC 10091543,5786,82,4.17,0.15,0.01,,14.622,0.1,-0.3201691,0.272436917
1076,KIC 2859701,6460,164,4.11,0.14,-0.14,,13.453,0.1,-0.400821678,0.428174196
1077,Kepler-1064,5051.1,60,4.525,0.1,-0.122,0.04,13.755,0.1,,
1078,KOI-712,5473.7,60,4.562,0.1,0.024,0.04,13.72,0.1,,
1079,KOI-4634,6058,60,4.239,0.1,0.122,0.04,13.685,0.1,,
1080,Kepler-1620,5919.8,60,4.255,0.1,-0.279,0.04,13.658,0.1,,
1081,Kepler-400,5950,60,4.484,0.1,0.098,0.04,13.642,0.1,,
1082,KOI-349,5751.9,60,4.229,0.1,0.338,0.04,13.586,0.1,,
1083,KOI-4184,4884.6,60,4.565,0.1,-0.025,0.04,13.473,0.1,,
1084,Kepler-1347,5102.8,60,4.366,0.1,-0.216,0.04,13.38,0.1,,
1085,Kepler-632,5273.6,60,4.488,0.1,0.138,0.04,13.332,0.1,,
1086,KOI-177,5740.8,60,4.379,0.1,-0.001,0.04,13.182,0.1,,
1087,KOI-2657,5433.9,60,4.503,0.1,-0.148,0.04,12.869,0.1,,
1088,KOI-2879,5475.3,60,4.567,0.1,-0.013,0.04,12.771,0.1,,
1089,Kepler-1248,6069.4,60,4.245,0.1,0.188,0.04,12.77,0.1,,
1090,Kepler-14,6500.2,60,4.225,0.1,0.05,0.04,12.128,0.1,,
1091,Kepler-449,5632.9,60,4.178,0.1,-0.132,0.04,11.411,0.1,,
1092,HD 190655,4759.5,60,2.943,0.1,0.196,0.04,9.837,0.1,,
1093,2MASS J19415041+4912599,4256,309,4.35,0.49,-0.24,,13.511,0.1,,
1094,KIC 10355273,5425,158,4.37,0.23,-0.42,,13.496,0.1,,
1095,KIC 6367159,7177,295,3.99,0.14,-0.02,,12.603,0.1,,
1096,KIC 5127106,5304,205,4.2,0.3,-0.33,,11.878,0.1,,
1097,TYC 3138-1184-1,7004,229,4.08,0.14,-0.1,,11.838,0.1,,
1098,HD 225531,10661,334,3.96,0.12,-0.1,,9.259,0.1,,
